date,make,location,dist,mass,time,wx,rate,price,energy,days_out
7/13/50,Blink_Corp,North,503.2208518,644.5916115,140.565,0.14,20,10064.42,100.31,308
7/12/50,Blink_Corp,North,514.7163537,1432.671082,1290.732,0.865,20,10294.33,2093.983,297
7/16/50,Blink_Corp,North,500.3704582,991.1699779,826.123,0.783,20,10007.41,901.378,209
7/15/50,Blink_Corp,North,516.4099073,209.7130243,160.063,0.517,10,5164.1,38.136,37
7/15/50,Blink_Corp,North,481.8028575,1366.445916,988.295,0.688,20,9636.06,1431.433,166
7/15/50,Blink_Corp,North,522.6947036,1772.626932,451.111,0.225,20,10453.89,919.542,37
7/11/50,Blink_Corp,North,517.7655082,1721.854305,1150.32,0.638,20,10355.31,2256.165,199
7/12/50,Blink_Corp,North,529.8793232,1516.556291,884.061,0.548,20,10597.59,1562.933,139
7/17/50,Blink_Corp,North,511.2781069,2008.830022,1234.329,0.589,20,10225.56,2789.035,267
7/11/50,Blink_Corp,North,488.3901747,969.0949227,784.382,0.759,20,9767.8,816.739,189
7/17/50,Blink_Corp,North,497.6934793,456.9536424,488.902,0.961,20,9953.87,244.612,245
7/11/50,Blink_Corp,North,498.9117893,1602.649007,416.898,0.229,20,9978.24,733.356,260
7/12/50,Blink_Corp,North,517.567298,1145.695364,830.83,0.68,20,10351.35,1083.854,108
7/15/50,Blink_Corp,North,484.1535776,161.1479029,71.46,0.143,10,4841.54,12.266,357
7/13/50,Blink_Corp,North,511.0297945,1236.203091,480.065,0.347,20,10220.6,667.204,87
7/11/50,Blink_Corp,North,493.7733952,1258.278146,785.47,0.585,20,9875.47,1073.635,67
7/15/50,Blink_Corp,North,475.5566488,2048.565121,1028.818,0.479,20,9511.13,2205.024,30
7/12/50,Blink_Corp,North,518.4786191,154.5253863,110.258,0.378,10,5184.79,19.434,211
7/12/50,Blink_Corp,North,483.8736885,1649.006623,1418.712,0.831,20,9677.47,2490.413,97
7/12/50,Blink_Corp,North,508.4825767,1536.423841,1352.199,0.847,20,10169.65,2324.076,109
7/15/50,Blink_Corp,North,489.9939805,523.1788079,300.648,0.481,20,9799.88,169.559,363
7/16/50,Blink_Corp,North,501.9306872,362.0309051,98.705,0.134,20,10038.61,39.459,36
7/13/50,Blink_Corp,North,514.1834677,618.1015453,510.05,0.742,20,10283.67,356.626,163
7/16/50,Blink_Corp,North,509.1273867,218.5430464,153.191,0.468,10,5091.27,37.499,352
7/14/50,Blink_Corp,North,521.706695,2088.300221,271.442,0.105,20,10434.13,650.608,267
7/16/50,Blink_Corp,North,519.7754595,1598.233996,1110.008,0.662,20,10395.51,2028.64,283
7/12/50,Blink_Corp,North,518.1631885,1487.85872,346.412,0.198,20,10363.26,587.549,105
7/13/50,Blink_Corp,North,486.6317648,83.88520971,86.579,0.452,10,4866.32,7.775,140
7/15/50,Blink_Corp,North,484.4759147,269.3156733,176.373,0.475,30,14534.28,50.628,90
7/13/50,Blink_Corp,North,533.0123609,1916.11479,676.039,0.325,20,10660.25,1518.984,147
7/15/50,Blink_Corp,North,495.4994709,17.66004415,63.731,0.803,10,4954.99,1.227,179
7/17/50,Blink_Corp,North,524.3995828,909.4922737,144.299,0.101,20,10487.99,151.407,47
7/14/50,Blink_Corp,North,485.1214356,339.9558499,75.369,0.079,30,14553.64,27.346,102
7/12/50,Blink_Corp,North,519.3734067,2158.940397,1250.149,0.555,20,10387.47,3083.932,54
7/16/50,Blink_Corp,North,519.6983789,2017.660044,229.524,0.088,20,10393.97,529.481,46
7/15/50,Blink_Corp,North,505.8738695,1565.121413,1069.481,0.651,20,10117.48,1862.885,277
7/13/50,Blink_Corp,North,488.8696137,1428.256071,348.821,0.21,20,9777.39,535.827,242
7/12/50,Blink_Corp,North,520.0523559,1022.075055,487.409,0.426,20,10401.05,569.962,135
7/14/50,Blink_Corp,North,497.875371,1033.112583,1006.45,0.926,20,9957.51,1138.894,321
7/17/50,Blink_Corp,North,503.3207919,342.1633554,191.988,0.414,20,10066.42,72.74,48
7/15/50,Blink_Corp,North,491.1411655,1154.525386,88.368,0.034,20,9822.82,110.237,117
7/17/50,Blink_Corp,North,497.1503003,1821.192053,1632.331,0.869,20,9943.01,3251.43,70
7/13/50,Blink_Corp,North,527.8926978,485.6512141,129.522,0.158,20,10557.85,73.053,172
7/17/50,Blink_Corp,North,528.5209922,1176.600442,429.364,0.32,20,10570.42,587.408,52
7/15/50,Blink_Corp,North,499.9265901,1688.741722,1698.205,0.976,20,9998.53,3154.149,3
7/11/50,Blink_Corp,North,507.1936381,1690.949227,640.861,0.349,20,10143.87,1209.18,313
7/15/50,Blink_Corp,North,505.2433024,1988.962472,511.964,0.232,20,10104.87,1131.851,44
7/17/50,Blink_Corp,North,498.3494447,1768.211921,1353.007,0.737,20,9966.99,2622.956,300
7/15/50,Blink_Corp,North,488.7245956,2075.055188,1588.563,0.742,20,9774.49,3544.222,127
7/17/50,Blink_Corp,North,497.6861555,1637.969095,1658.254,0.982,20,9953.72,2973.959,16
7/11/50,Blink_Corp,North,496.7059074,1046.357616,984.068,0.893,20,9934.12,1125.194,5
7/13/50,Blink_Corp,North,498.7832019,863.1346578,842.236,0.918,20,9975.66,797.713,292
7/14/50,Blink_Corp,North,496.3340497,1359.8234,880.486,0.611,20,9926.68,1307.38,236
7/14/50,Blink_Corp,North,504.7680218,183.2229581,184.962,0.734,10,5047.68,37.634,202
7/11/50,Blink_Corp,North,530.4299018,1607.064018,1359.586,0.813,20,10608.6,2549.709,93
7/15/50,Blink_Corp,North,512.6622289,33.11258278,77.955,0.806,10,5126.62,2.911,233
7/13/50,Blink_Corp,North,498.3070003,1256.07064,631.391,0.463,20,9966.14,869.425,192
7/15/50,Blink_Corp,North,484.6754971,1220.750552,915.2,0.71,20,9693.51,1191.288,283
7/15/50,Blink_Corp,North,486.5998421,783.6644592,576.066,0.673,20,9732,483.278,352
7/14/50,Blink_Corp,North,504.2116077,1368.653422,341.944,0.213,20,10084.23,519.139,211
7/12/50,Blink_Corp,North,507.1389534,1311.258278,1132.502,0.825,20,10142.78,1656.826,136
7/16/50,Blink_Corp,North,504.4637621,1470.198675,1355.983,0.888,20,10089.28,2212.498,355
7/17/50,Blink_Corp,North,507.9732012,858.7196468,134.952,0.098,20,10159.46,129.507,12
7/15/50,Blink_Corp,North,493.0041456,1392.935982,892.027,0.605,20,9860.08,1347.666,362
7/14/50,Blink_Corp,North,488.2801011,814.5695364,830,0.959,20,9765.6,726.27,40
7/13/50,Blink_Corp,North,522.3312961,1973.509934,1459.346,0.713,20,10446.63,3309.53,191
7/13/50,Blink_Corp,North,507.3626356,1110.375276,768.039,0.646,20,10147.25,951.906,251
7/13/50,Blink_Corp,North,510.444353,505.5187638,259.824,0.413,20,10208.89,147.499,216
7/16/50,Blink_Corp,North,484.7724214,1779.249448,1605.321,0.875,20,9695.45,3046.206,336
7/17/50,Blink_Corp,North,498.8879311,494.4812362,264.988,0.435,20,9977.76,143.814,335
7/11/50,Blink_Corp,North,514.675788,2015.452539,1061.209,0.501,20,10293.52,2421.753,130
7/11/50,Blink_Corp,North,497.6209408,2008.830022,1745.215,0.844,20,9952.42,3838.075,80
7/11/50,Blink_Corp,North,506.4699873,1339.95585,529.011,0.357,20,10129.4,789.826,336
7/12/50,Blink_Corp,North,492.1278132,2079.470199,912.193,0.415,20,9842.56,2053.714,170
7/17/50,Blink_Corp,North,509.8757854,1381.898455,444.829,0.285,20,10197.52,689.535,180
7/17/50,Blink_Corp,North,518.5109322,1600.441501,573.595,0.326,20,10370.22,1047.191,221
7/15/50,Blink_Corp,North,482.1409301,852.0971302,215.225,0.196,20,9642.82,194.526,284
7/17/50,Blink_Corp,North,483.0975875,293.598234,251.773,0.693,30,14492.93,78.563,335
7/16/50,Blink_Corp,North,489.6094303,203.0905077,233.976,0.911,10,4896.09,51.184,273
7/16/50,Blink_Corp,North,491.8825093,2.207505519,49.274,0.039,10,4918.83,0.118,69
7/15/50,Blink_Corp,North,493.3123548,1803.532009,1061.113,0.561,20,9866.25,2076.97,178
7/11/50,Blink_Corp,North,504.4297076,339.9558499,295.891,0.722,30,15132.89,111.629,186
7/17/50,Blink_Corp,North,508.3819364,2028.697572,278.052,0.112,20,10167.64,630.894,340
7/14/50,Blink_Corp,North,478.4502634,152.3178808,108.163,0.396,10,4784.5,17.342,227
7/17/50,Blink_Corp,North,497.7459422,880.794702,303.443,0.288,20,9954.92,292.673,213
7/16/50,Blink_Corp,North,505.0113672,1169.977925,166.329,0.099,20,10100.23,216.207,165
7/14/50,Blink_Corp,North,515.6770409,355.4083885,178.804,0.358,20,10313.54,72.095,188
7/17/50,Blink_Corp,North,483.2153737,1741.721854,659.666,0.351,20,9664.31,1221.424,138
7/17/50,Blink_Corp,North,500.4277027,1558.498896,221.478,0.11,20,10008.55,380.015,140
7/11/50,Blink_Corp,North,523.6720062,891.8322296,157.603,0.118,20,10473.44,161.931,284
7/11/50,Blink_Corp,North,497.0414237,251.6556291,66.062,0.065,30,14911.24,18.179,317
7/13/50,Blink_Corp,North,490.8285173,207.5055188,86.849,0.182,10,4908.29,19.46,151
7/14/50,Blink_Corp,North,509.6378152,671.0816777,571.052,0.775,20,10192.76,429.67,187
7/17/50,Blink_Corp,North,474.0768953,41.94260486,86.582,0.934,10,4740.77,3.788,320
7/15/50,Blink_Corp,North,516.8952658,1856.512141,578.939,0.284,20,10337.91,1222.238,175
7/13/50,Blink_Corp,North,499.9945976,666.6666667,447.333,0.596,20,9999.89,328.041,193
7/17/50,Blink_Corp,North,489.4919079,607.0640177,446.576,0.655,20,9789.84,291.943,318
7/11/50,Blink_Corp,North,491.9531299,1426.048565,374.334,0.228,20,9839.06,577.75,207
7/14/50,Blink_Corp,North,478.0219854,629.1390728,322.736,0.437,20,9560.44,213.533,184
7/17/50,Blink_Corp,North,512.2738171,2037.527594,1783.126,0.85,20,10245.48,4094.59,144
7/13/50,Blink_Corp,North,520.1879942,1143.487859,807.864,0.661,20,10403.76,1057.189,72
7/13/50,Blink_Corp,North,505.1217654,1434.878587,416.406,0.255,20,10102.44,663.974,28
7/15/50,Blink_Corp,North,507.4811295,660.0441501,631.587,0.88,20,10149.62,465.424,196
7/16/50,Blink_Corp,North,481.4259199,211.9205298,166.394,0.558,10,4814.26,37.348,190
7/13/50,Blink_Corp,North,498.7283616,1949.227373,1987.405,0.994,20,9974.57,4250.457,294
7/13/50,Blink_Corp,North,524.3822936,759.3818985,770.814,0.946,20,10487.65,675.275,347
7/16/50,Blink_Corp,North,478.9389667,1419.426049,1017.362,0.683,20,9578.78,1521.567,283
7/14/50,Blink_Corp,North,469.5009763,1070.640177,143.308,0.09,20,9390.02,158.48,158
7/16/50,Blink_Corp,North,513.3693794,1520.971302,1257.467,0.793,20,10267.39,2160.082,89
7/14/50,Blink_Corp,North,528.704943,2072.847682,575.228,0.252,20,10574.1,1386.895,175
7/15/50,Blink_Corp,North,474.7027762,821.192053,86.887,0.048,20,9494.06,74.515,55
7/13/50,Blink_Corp,North,477.0154475,1799.116998,317.569,0.15,20,9540.31,599.588,113
7/12/50,Blink_Corp,North,486.9675137,1013.245033,269.584,0.218,20,9739.35,292.638,41
7/12/50,Blink_Corp,North,479.0729914,1419.426049,1084.088,0.73,20,9581.46,1621.816,257
7/16/50,Blink_Corp,North,518.3451846,200.8830022,166.94,0.573,10,5183.45,38.242,324
7/13/50,Blink_Corp,North,510.2008504,1671.081678,460.435,0.245,20,10204.02,863.634,20
7/12/50,Blink_Corp,North,486.3067291,719.6467991,543.028,0.687,20,9726.13,418.095,52
7/13/50,Blink_Corp,North,523.3336079,2004.415011,629.605,0.288,20,10466.67,1452.972,152
7/16/50,Blink_Corp,North,507.1234889,1163.355408,680.088,0.541,20,10142.47,882.702,256
7/15/50,Blink_Corp,North,525.5725298,1631.346578,1254.86,0.737,20,10511.45,2366.992,193
7/11/50,Blink_Corp,North,484.3345999,2002.207506,1067.557,0.509,20,9686.69,2277.552,41
7/16/50,Blink_Corp,North,528.6130488,2192.05298,1580.722,0.697,20,10572.26,4029.648,171
7/14/50,Blink_Corp,North,497.8378231,1121.412804,1117.369,0.952,20,9956.76,1372.375,134
7/13/50,Blink_Corp,North,485.6476947,584.9889625,492.571,0.759,20,9712.95,307.865,64
7/15/50,Blink_Corp,North,498.048388,991.1699779,67.646,0.018,20,9960.97,73.466,153
7/13/50,Blink_Corp,North,501.6919176,189.8454746,238.116,0.99,10,5016.92,49.894,191
7/13/50,Blink_Corp,North,466.9455705,1529.801325,1145.092,0.718,20,9338.91,1799.552,335
7/12/50,Blink_Corp,North,478.7905144,567.3289183,64.899,0.03,20,9575.81,38.783,238
7/12/50,Blink_Corp,North,476.5242561,924.9448124,260.39,0.23,20,9530.49,252.492,8
7/13/50,Blink_Corp,North,501.6694949,320.0883002,305.597,0.798,30,15050.08,107.959,81
7/14/50,Blink_Corp,North,490.0852456,2203.090508,370.66,0.146,20,9801.7,880.445,84
7/16/50,Blink_Corp,North,493.60972,823.3995585,833.237,0.952,20,9872.19,745.05,108
7/16/50,Blink_Corp,North,508.7245161,1258.278146,201.866,0.12,20,10174.49,284.279,356
7/14/50,Blink_Corp,North,474.3376341,432.6710817,459.337,0.952,20,9486.75,207.396,56
7/16/50,Blink_Corp,North,498.9214355,119.205298,143.826,0.788,10,4989.21,18.819,219
7/17/50,Blink_Corp,North,513.1713912,1701.986755,1709.052,0.974,20,10263.43,3283.95,66
7/11/50,Blink_Corp,North,490.1363438,622.5165563,472.325,0.68,20,9802.73,317.053,265
7/11/50,Blink_Corp,North,495.4582019,818.9845475,763.7,0.872,20,9909.16,681.755,150
7/13/50,Blink_Corp,North,532.5159817,805.7395143,359.433,0.38,20,10650.32,339.288,100
7/15/50,Blink_Corp,North,476.6828939,1302.428256,71.112,0.018,20,9533.66,97.129,18
7/11/50,Blink_Corp,North,505.7375601,408.388521,300.916,0.613,20,10114.75,136.731,65
7/11/50,Blink_Corp,North,500.0040666,902.8697572,557.413,0.562,20,10000.08,553.603,249
7/14/50,Blink_Corp,North,519.5197286,417.218543,439.548,0.929,20,10390.39,209.602,247
7/12/50,Blink_Corp,North,492.6960218,1626.931567,867.616,0.503,20,9853.92,1530.025,36
7/16/50,Blink_Corp,North,476.3283179,344.3708609,58.308,0.031,20,9526.57,21.042,138
7/11/50,Blink_Corp,North,500.7989905,2004.415011,300.632,0.125,20,10015.98,663.91,309
7/17/50,Blink_Corp,North,485.9123238,147.9028698,175.936,0.861,10,4859.12,27.817,10
7/14/50,Blink_Corp,North,462.0649995,176.6004415,62.807,0.094,10,4620.65,11.275,364
7/16/50,Blink_Corp,North,497.1768575,596.0264901,244.022,0.326,20,9943.54,159.085,113
7/12/50,Blink_Corp,North,521.9034096,1640.1766,1262.641,0.738,20,10438.07,2377.844,286
7/14/50,Blink_Corp,North,475.849643,278.1456954,176.088,0.462,30,14275.49,51.274,356
7/14/50,Blink_Corp,North,493.6528893,2163.355408,1743.273,0.783,20,9873.06,4095.79,211
7/12/50,Blink_Corp,North,484.0987112,1543.046358,190.37,0.092,20,9681.97,312.849,111
7/15/50,Blink_Corp,North,477.0996461,885.209713,596.54,0.62,20,9541.99,554.265,46
7/17/50,Blink_Corp,North,498.4722248,1701.986755,1617.377,0.921,20,9969.44,3018.777,259
7/17/50,Blink_Corp,North,489.1743587,448.1236203,268.05,0.489,20,9783.49,129.271,146
7/13/50,Blink_Corp,North,465.2208539,1988.962472,1796.809,0.88,20,9304.42,3657.719,349
7/14/50,Blink_Corp,North,525.5325858,2161.147903,1982.458,0.893,20,10510.65,4953.485,306
7/14/50,Blink_Corp,North,497.8007586,2103.752759,596.756,0.26,20,9956.02,1374.896,309
7/13/50,Blink_Corp,North,487.4575114,1679.9117,1569.066,0.905,20,9749.15,2826.748,260
7/16/50,Blink_Corp,North,494.6134641,1207.505519,810.19,0.63,20,9892.27,1064.546,309
7/16/50,Blink_Corp,North,468.5223387,880.794702,506.627,0.522,20,9370.45,459.956,155
7/12/50,Blink_Corp,North,519.7403156,732.8918322,740.159,0.939,20,10394.81,620.26,130
7/11/50,Blink_Corp,North,516.7314193,2156.732892,435.572,0.178,20,10334.63,1067.933,189
7/17/50,Blink_Corp,North,484.9577113,1858.719647,572.655,0.282,20,9699.15,1135.621,344
7/11/50,Blink_Corp,North,521.9142342,1852.09713,1800.571,0.944,20,10438.28,3829.092,204
7/11/50,Blink_Corp,North,480.2329053,2075.055188,2100.253,0.989,20,9604.66,4604.43,100
7/17/50,Blink_Corp,North,503.8549193,1874.172185,1482.253,0.764,20,10077.1,3079.357,202
7/16/50,Blink_Corp,North,489.2455447,1200.883002,1213.781,0.97,20,9784.91,1568.883,222
7/13/50,Blink_Corp,North,496.4238476,249.4481236,285.121,0.944,30,14892.72,77.676,228
7/16/50,Blink_Corp,North,512.2160351,2083.88521,955.628,0.434,20,10244.32,2244.081,348
7/16/50,Blink_Corp,North,528.3372955,1264.900662,519.582,0.369,20,10566.75,763.914,20
7/14/50,Blink_Corp,North,493.2222444,1664.459161,1264.377,0.73,20,9864.44,2283.574,34
7/13/50,Blink_Corp,North,506.5975855,2035.320088,166.673,0.057,20,10131.95,378.08,297
7/12/50,Blink_Corp,North,482.13533,763.7969095,542.39,0.647,20,9642.71,439.421,307
7/11/50,Blink_Corp,North,504.4546175,1955.84989,1028.37,0.5,20,10089.09,2232.183,3
7/12/50,Blink_Corp,North,518.4697995,132.4503311,144.562,0.7,10,5184.7,21.84,245
7/17/50,Blink_Corp,North,479.1758617,1298.013245,108.924,0.047,20,9583.52,149.046,296
7/15/50,Blink_Corp,North,493.7176435,348.785872,371.301,0.923,20,9874.35,140.665,1
7/17/50,Blink_Corp,North,505.4120091,366.4459161,82.422,0.087,20,10108.24,33.583,124
7/11/50,Blink_Corp,North,495.5891415,1929.359823,570.486,0.27,20,9911.78,1200.059,127
7/11/50,Blink_Corp,North,517.8881428,1448.12362,1329.034,0.882,20,10357.76,2192.807,28
7/14/50,Blink_Corp,North,499.6661773,679.9116998,389.922,0.5,20,9993.32,291.429,79
7/17/50,Blink_Corp,North,519.2689396,1059.602649,798.947,0.705,20,10385.38,967.11,34
7/14/50,Blink_Corp,North,491.9368423,668.8741722,384.969,0.502,20,9838.74,278.678,241
7/12/50,Blink_Corp,North,497.7333688,128.0353201,95.994,0.361,10,4977.33,13.458,115
7/15/50,Blink_Corp,North,493.3368348,1969.094923,864.539,0.414,20,9866.74,1847.64,39
7/15/50,Blink_Corp,North,502.1500948,123.6203091,95.707,0.368,10,5021.5,13.07,18
7/11/50,Blink_Corp,North,509.9075227,1083.88521,790.2,0.682,20,10198.15,960.803,64
7/15/50,Blink_Corp,North,481.4531181,1141.280353,1180.295,0.992,20,9629.06,1426.788,160
7/17/50,Blink_Corp,North,485.6333201,690.9492274,570.921,0.756,20,9712.67,421.457,87
7/17/50,Blink_Corp,North,501.1308364,1280.353201,831.129,0.61,20,10022.62,1173.2,56
7/13/50,Blink_Corp,North,491.9648274,1194.260486,139.96,0.076,20,9839.3,180.909,231
7/16/50,Blink_Corp,North,514.158509,306.8432671,284.003,0.758,30,15424.76,98.573,188
7/14/50,Blink_Corp,North,484.3469278,589.4039735,364.355,0.536,20,9686.94,228.832,105
7/14/50,Blink_Corp,North,500.2554855,1086.092715,496.41,0.411,20,10005.11,593.365,249
7/14/50,Blink_Corp,North,468.2013445,790.2869757,581.844,0.677,20,9364.03,473.638,229
7/13/50,Blink_Corp,North,482.4493146,1154.525386,432.702,0.333,20,9648.99,530.233,30
7/14/50,Blink_Corp,North,508.8346737,112.5827815,81.731,0.274,10,5088.35,10.3,220
7/17/50,Blink_Corp,North,507.3466272,1719.646799,1103.159,0.612,20,10146.93,2117.409,72
7/13/50,Blink_Corp,North,502.7552143,1072.847682,411.825,0.337,20,10055.1,488.686,121
7/14/50,Blink_Corp,North,511.8951094,41.94260486,75.432,0.578,10,5118.95,3.563,132
7/16/50,Blink_Corp,North,490.1125082,814.5695364,852.991,0.987,20,9802.25,749.188,287
7/17/50,Blink_Corp,North,501.779664,52.98013245,94.046,0.828,10,5017.8,5.5,92
7/11/50,Blink_Corp,North,472.5261858,359.8233996,168.153,0.336,20,9450.52,62.899,277
7/14/50,Blink_Corp,North,511.4221669,772.6269316,240.436,0.245,20,10228.44,209.012,172
7/15/50,Blink_Corp,North,503.2996933,1649.006623,1663.058,0.978,20,10065.99,3036.541,249
7/13/50,Blink_Corp,North,490.9842931,364.2384106,228.304,0.492,20,9819.69,89.823,5
7/16/50,Blink_Corp,North,480.2197125,1419.426049,747.799,0.493,20,9604.39,1121.399,277
7/17/50,Blink_Corp,North,514.8387621,527.593819,565.888,0.975,20,10296.78,338.161,290
7/17/50,Blink_Corp,North,491.013328,1395.143488,569.49,0.373,20,9820.27,858.264,321
7/17/50,Blink_Corp,North,510.22204,1576.15894,1037.698,0.626,20,10204.44,1835.916,288
7/17/50,Blink_Corp,North,487.8604828,1602.649007,1390.203,0.837,20,9757.21,2391.305,21
7/12/50,Blink_Corp,North,463.8153834,1549.668874,376.461,0.213,20,9276.31,595.287,214
7/11/50,Blink_Corp,North,522.838765,410.5960265,225.145,0.421,20,10456.78,106.333,195
7/11/50,Blink_Corp,North,507.7037955,523.1788079,331.717,0.537,20,10154.08,193.843,251
7/12/50,Blink_Corp,North,498.2339672,748.3443709,79.757,0.04,20,9964.68,65.422,324
7/13/50,Blink_Corp,North,506.0739444,843.2671082,275.76,0.267,20,10121.48,258.901,176
7/14/50,Blink_Corp,North,500.0066919,1055.187638,672.561,0.59,20,10000.13,780.656,105
7/15/50,Blink_Corp,North,500.4230318,1673.289183,1597.835,0.925,20,10008.46,2943.492,70
7/16/50,Blink_Corp,North,502.586394,1611.479029,1648.846,0.992,20,10051.73,2937.908,311
7/11/50,Blink_Corp,North,503.3481649,743.9293598,440.154,0.524,20,10066.96,362.6,50
7/17/50,Blink_Corp,North,486.3637665,154.5253863,174.42,0.814,10,4863.64,28.839,15
7/17/50,Blink_Corp,North,491.7218664,70.6401766,117.411,0.966,10,4917.22,8.972,259
7/13/50,Blink_Corp,North,507.7335429,267.1081678,94.045,0.162,30,15232.01,28.06,273
7/16/50,Blink_Corp,North,510.1509699,1878.587196,173.123,0.065,20,10203.02,365.012,218
7/14/50,Blink_Corp,North,501.5197205,1766.004415,733.596,0.387,20,10030.39,1429.419,322
7/13/50,Blink_Corp,North,485.9683595,1794.701987,1024.915,0.544,20,9719.37,1966.577,25
7/16/50,Blink_Corp,North,497.0679011,708.6092715,198.515,0.21,20,9941.36,153.829,351
7/16/50,Blink_Corp,North,488.8893858,2044.15011,1481.838,0.701,20,9777.79,3257.968,200
7/16/50,Blink_Corp,North,476.7527529,1492.273731,881.856,0.559,20,9535.06,1380.264,291
7/14/50,Blink_Corp,North,490.3929327,1721.854305,634.47,0.34,20,9807.86,1178.622,91
7/14/50,Blink_Corp,North,499.2854277,1697.571744,494.692,0.262,20,9985.71,922.433,66
7/13/50,Blink_Corp,North,517.2651269,1679.9117,1207.506,0.688,20,10345.3,2308.403,361
7/16/50,Blink_Corp,North,526.3727543,456.9536424,463.439,0.899,20,10527.46,245.234,215
7/12/50,Blink_Corp,North,499.8770695,2094.922737,846.058,0.38,20,9997.54,1949.189,327
7/11/50,Blink_Corp,North,488.8799245,920.5298013,212.742,0.178,20,9777.6,210.628,108
7/12/50,Blink_Corp,North,504.218944,543.0463576,247.005,0.362,20,10084.38,148.794,198
7/11/50,Blink_Corp,North,509.7722551,2072.847682,1738.275,0.814,20,10195.45,4040.962,258
7/12/50,Blink_Corp,North,485.2422055,1805.739514,676.922,0.348,20,9704.84,1304.893,49
7/13/50,Blink_Corp,North,502.3002921,1931.567329,1504.7,0.753,20,10046.01,3211.781,90
7/15/50,Blink_Corp,North,509.4127777,61.81015453,82.959,0.518,10,5094.13,5.747,265
7/13/50,Blink_Corp,North,486.3018233,1240.618102,948.078,0.725,20,9726.04,1258.377,67
7/11/50,Blink_Corp,North,497.4106108,81.67770419,104.628,0.672,10,4974.11,9.352,129
7/14/50,Blink_Corp,North,508.2039654,944.812362,407.959,0.378,20,10164.08,430.946,62
7/17/50,Blink_Corp,North,510.4902005,1922.737307,1858.422,0.94,20,10209.8,4013.048,125
7/15/50,Blink_Corp,North,503.246341,2192.05298,558.881,0.232,20,10064.93,1356.356,88
7/15/50,Blink_Corp,North,512.2601615,1406.181015,1209.919,0.824,20,10245.2,1917.391,156
7/16/50,Blink_Corp,North,502.2788122,1883.002208,1878.623,0.971,20,10045.58,3908.931,36
7/13/50,Blink_Corp,North,468.007243,1452.538631,1298.889,0.862,20,9360.14,1942.562,123
7/17/50,Jump_Gate,South,935.2433421,529.8013245,178.293,0.16,20,18704.87,194.355,193
7/16/50,Jump_Gate,South,894.3821357,567.3289183,367.997,0.491,20,17887.64,410.795,283
7/16/50,Jump_Gate,South,897.102072,1035.320088,236.726,0.142,20,17942.04,483.71,59
7/15/50,Jump_Gate,South,922.8982173,479.0286976,282.943,0.398,20,18457.96,275.193,127
7/11/50,Jump_Gate,South,880.904839,993.3774834,370.21,0.284,20,17618.1,712.712,13
7/16/50,Jump_Gate,South,880.8638423,392.9359823,134.453,0.118,20,17617.28,102.382,229
7/11/50,Jump_Gate,South,895.743872,161.1479029,164.669,0.466,10,8957.44,52.293,253
7/12/50,Jump_Gate,South,872.4192356,37.52759382,95.986,0.233,10,8724.19,6.914,91
7/11/50,Jump_Gate,South,850.9628138,55.18763797,103.363,0.331,10,8509.63,10.679,50
7/11/50,Jump_Gate,South,878.1955144,706.401766,199.431,0.158,20,17563.91,272.181,257
7/13/50,Jump_Gate,South,945.41857,426.0485651,133.312,0.091,20,18908.37,118.134,217
7/14/50,Jump_Gate,South,877.7833799,805.7395143,437.469,0.434,20,17555.67,680.694,172
7/16/50,Jump_Gate,South,931.7744053,896.2472406,282.286,0.211,20,18635.49,518.622,195
7/13/50,Jump_Gate,South,917.666433,397.3509934,96.535,0.012,20,18353.33,77.44,166
7/12/50,Jump_Gate,South,940.4470693,476.8211921,301.939,0.436,20,18808.94,297.873,291
7/17/50,Jump_Gate,South,839.2432264,350.9933775,205.719,0.347,20,16784.86,133.316,308
7/14/50,Jump_Gate,South,886.7440689,490.0662252,279.8,0.39,20,17734.88,267.5,318
7/12/50,Jump_Gate,South,824.5558741,604.8565121,325.003,0.401,20,16491.12,356.601,71
7/11/50,Jump_Gate,South,918.2669729,1081.677704,188.096,0.089,20,18365.34,411.026,90
7/16/50,Jump_Gate,South,903.4175376,852.0971302,145.728,0.065,20,18068.35,246.799,154
7/11/50,Jump_Gate,South,890.6756737,315.6732892,105.483,0.052,30,26720.27,65.247,97
7/14/50,Jump_Gate,South,928.9954799,161.1479029,138.504,0.283,10,9289.95,45.617,117
7/13/50,Jump_Gate,South,844.6501385,92.71523179,100.968,0.178,10,8446.5,17.395,216
7/12/50,Jump_Gate,South,887.5149981,1101.545254,204.414,0.105,20,17750.3,439.654,296
7/16/50,Jump_Gate,South,899.0052783,830.0220751,167.923,0.094,20,17980.11,275.667,239
7/15/50,Jump_Gate,South,903.6373835,512.1412804,301.878,0.413,20,18072.75,307.353,68
7/13/50,Jump_Gate,South,918.9342753,461.3686534,313.812,0.481,20,18378.69,292.701,132
7/16/50,Jump_Gate,South,891.5229886,72.84768212,91.119,0.027,10,8915.23,13.019,98
7/11/50,Jump_Gate,South,897.4959505,1028.697572,555.75,0.453,20,17949.92,1128.814,80
7/13/50,Jump_Gate,South,934.7610193,346.5783664,216.165,0.354,20,18695.22,154.067,252
7/11/50,Jump_Gate,South,888.9378539,192.0529801,163.218,0.387,10,8889.38,61.303,58
7/16/50,Jump_Gate,South,859.3301785,50.77262693,109.999,0.474,10,8593.3,10.558,83
7/13/50,Jump_Gate,South,923.265893,814.5695364,420.598,0.403,20,18465.32,695.897,180
7/14/50,Jump_Gate,South,863.3626122,192.0529801,121.098,0.181,10,8633.63,44.175,89
7/15/50,Jump_Gate,South,922.6548004,176.6004415,147.365,0.312,10,9226.55,52.826,228
7/16/50,Jump_Gate,South,912.5930574,706.401766,358.279,0.378,20,18251.86,508.128,70
7/17/50,Jump_Gate,South,914.7324509,713.0242826,346.736,0.358,20,18294.65,497.531,203
7/13/50,Jump_Gate,South,906.4826858,284.7682119,176.364,0.301,30,27194.48,100.158,5
7/11/50,Jump_Gate,South,971.1145186,843.2671082,162.043,0.077,20,19422.29,291.937,89
7/13/50,Jump_Gate,South,888.3548939,139.0728477,135.425,0.335,10,8883.55,36.809,242
7/16/50,Jump_Gate,South,933.8442848,743.9293598,330.698,0.319,20,18676.89,505.429,341
7/14/50,Jump_Gate,South,913.8709207,584.9889625,298.473,0.354,20,18277.42,351.043,203
7/17/50,Jump_Gate,South,890.3728668,152.3178808,143.11,0.355,10,8903.73,42.699,315
7/13/50,Jump_Gate,South,869.8628667,587.196468,203.838,0.199,20,17397.26,229.056,304
7/15/50,Jump_Gate,South,849.98316,883.0022075,307.515,0.252,20,16999.66,507.763,329
7/15/50,Jump_Gate,South,907.1319572,918.3222958,160.506,0.076,20,18142.64,294.157,167
7/13/50,Jump_Gate,South,930.6750592,50.77262693,114.849,0.429,10,9306.75,11.939,74
7/12/50,Jump_Gate,South,898.6998987,315.6732892,97.762,0.025,30,26961,61.016,45
7/15/50,Jump_Gate,South,950.0877235,267.1081678,112.104,0.064,30,28502.63,62.589,320
7/16/50,Jump_Gate,South,890.5283362,494.4812362,326.898,0.481,20,17810.57,316.689,189
7/17/50,Jump_Gate,South,909.3231882,891.8322296,520.795,0.482,20,18186.46,929.161,357
7/16/50,Jump_Gate,South,916.2497983,145.6953642,139.267,0.327,10,9162.5,40.901,347
7/17/50,Jump_Gate,South,870.1354557,185.4304636,177.133,0.486,10,8701.35,62.877,357
7/15/50,Jump_Gate,South,924.9434314,757.1743929,356.748,0.349,20,18498.87,549.661,358
7/13/50,Jump_Gate,South,887.159458,781.4569536,105.127,0.021,20,17743.19,160.341,345
7/14/50,Jump_Gate,South,908.5357296,1103.752759,350.235,0.235,20,18170.71,772.674,9
7/12/50,Jump_Gate,South,914.8998986,211.9205298,141.503,0.236,10,9149,60.358,87
7/15/50,Jump_Gate,South,903.5305762,209.7130243,97.064,0.032,10,9035.31,40.462,290
7/13/50,Jump_Gate,South,901.2406784,898.4547461,324.621,0.261,20,18024.81,578.277,43
7/15/50,Jump_Gate,South,842.1816314,1000,501.218,0.417,20,16843.63,928.657,196
7/12/50,Jump_Gate,South,899.8784874,792.4944812,152.595,0.079,20,17997.57,239.41,28
7/11/50,Jump_Gate,South,871.6596526,262.6931567,218.513,0.5,30,26149.79,110.077,337
7/15/50,Jump_Gate,South,848.5986595,865.3421634,497.628,0.477,20,16971.97,803.929,269
7/16/50,Jump_Gate,South,900.6660827,675.4966887,234.623,0.214,20,18013.32,314.037,62
7/11/50,Jump_Gate,South,883.7104872,997.7924945,282.941,0.195,20,17674.21,548.869,53
7/17/50,Jump_Gate,South,900.1474866,94.92273731,127.699,0.397,10,9001.47,24.005,166
7/16/50,Jump_Gate,South,866.3136697,437.0860927,169.678,0.19,20,17326.27,141.348,350
7/11/50,Jump_Gate,South,919.6328596,816.7770419,457.879,0.448,20,18392.66,756.644,305
7/11/50,Jump_Gate,South,848.6418718,631.3465784,349.398,0.419,20,16972.84,411.847,362
7/14/50,Jump_Gate,South,912.7208424,644.5916115,296.252,0.318,20,18254.42,383.448,363
7/17/50,Jump_Gate,South,845.6321293,214.1280353,112.4,0.13,10,8456.32,44.776,352
7/15/50,Jump_Gate,South,909.4186834,569.5364238,228.2,0.241,20,18188.37,260.03,75
7/15/50,Jump_Gate,South,923.8072958,236.2030905,168.202,0.321,30,27714.22,80.746,208
7/17/50,Jump_Gate,South,917.3903045,781.4569536,154.256,0.08,20,18347.81,243.29,266
7/13/50,Jump_Gate,South,898.2714442,19.86754967,93.979,0.209,10,8982.71,3.69,59
7/12/50,Jump_Gate,South,920.2120881,81.67770419,111.542,0.239,10,9202.12,18.444,181
7/12/50,Jump_Gate,South,852.2036978,876.3796909,490.984,0.463,20,17044.07,806.725,231
7/15/50,Jump_Gate,South,881.8472498,52.98013245,89.35,0.022,10,8818.47,9.184,18
7/15/50,Jump_Gate,South,900.7122917,1013.245033,297.786,0.205,20,18014.25,597.899,363
7/14/50,Jump_Gate,South,876.6381061,302.4282561,186.86,0.328,30,26299.14,108.989,361
7/17/50,Jump_Gate,South,916.2007582,485.6512141,328.618,0.488,20,18324.02,321.684,301
7/12/50,Jump_Gate,South,868.8037907,470.1986755,316.808,0.489,20,17376.08,284.723,89
7/14/50,Jump_Gate,South,905.3831961,827.8145695,311.565,0.267,20,18107.66,513.732,108
7/14/50,Jump_Gate,South,893.4242052,70.6401766,96.972,0.108,10,8934.24,13.464,341
7/11/50,Jump_Gate,South,913.1048966,933.7748344,337.827,0.264,20,18262.1,633.694,300
7/12/50,Jump_Gate,South,928.0819799,949.2273731,357.643,0.279,20,18561.64,693.153,281
7/17/50,Jump_Gate,South,933.421754,185.4304636,156.574,0.341,10,9334.22,59.621,57
7/14/50,Jump_Gate,South,900.0210069,710.816777,285.477,0.275,20,18000.42,401.795,286
7/13/50,Jump_Gate,South,864.555713,673.2891832,101.268,0.022,20,17291.11,129.685,167
7/16/50,Jump_Gate,South,926.7372281,132.4503311,102.21,0.072,10,9267.37,27.601,141
7/13/50,Jump_Gate,South,938.0784862,275.9381898,128.024,0.124,30,28142.35,72.906,195
7/13/50,Jump_Gate,South,914.5254076,982.3399558,152.358,0.062,20,18290.51,301.124,187
7/12/50,Jump_Gate,South,922.4628794,59.60264901,107.385,0.254,10,9224.63,12.989,194
7/11/50,Jump_Gate,South,928.665763,249.4481236,127.29,0.138,30,27859.97,64.872,131
7/12/50,Jump_Gate,South,897.2068862,452.5386313,174.798,0.188,20,17944.14,156.138,189
7/17/50,Jump_Gate,South,904.945445,690.9492274,371.711,0.407,20,18098.91,511.325,245
7/17/50,Jump_Gate,South,917.2487531,523.1788079,342.328,0.479,20,18344.98,361.412,266
7/14/50,Jump_Gate,South,888.8356234,240.6181015,142.782,0.224,30,26665.07,67.181,300
7/11/50,Jump_Gate,South,906.7124763,836.6445916,471.345,0.455,20,18134.25,786.633,125
7/12/50,Jump_Gate,South,898.8662073,185.4304636,134.39,0.24,10,8988.66,49.279,90
7/14/50,Jump_Gate,South,931.2679371,326.7108168,142.46,0.151,30,27938.04,95.357,320
7/15/50,Jump_Gate,South,905.3440218,781.4569536,257.766,0.214,20,18106.88,401.206,30
7/17/50,Jump_Gate,South,915.1830619,980.1324503,323.81,0.237,20,18303.66,639.007,32
7/16/50,Jump_Gate,South,846.4299837,847.6821192,221.968,0.162,20,16928.6,350.378,40
7/12/50,Jump_Gate,South,898.1088777,1033.112583,280.937,0.185,20,17962.18,573.467,322
7/11/50,Jump_Gate,South,895.1660141,300.2207506,178.682,0.297,30,26854.98,105.645,281
7/14/50,Jump_Gate,South,913.2639043,589.4039735,291.724,0.34,20,18265.28,345.465,273
7/11/50,Jump_Gate,South,899.3155982,810.1545254,183.909,0.116,20,17986.31,294.785,46
7/15/50,Jump_Gate,South,874.4620546,907.2847682,532.923,0.491,20,17489.24,930.19,357
7/17/50,Jump_Gate,South,896.8586189,474.6136865,117.213,0.058,20,17937.17,109.765,169
7/12/50,Jump_Gate,South,878.9757558,472.406181,306.622,0.463,20,17579.52,280.103,61
7/17/50,Jump_Gate,South,888.0717629,774.8344371,421.986,0.43,20,17761.44,638.819,335
7/13/50,Jump_Gate,South,844.3138515,236.2030905,116.555,0.136,30,25329.42,51.138,301
7/11/50,Jump_Gate,South,822.7342285,679.9116998,93.832,0.017,20,16454.68,115.474,190
7/13/50,Jump_Gate,South,885.6602518,1015.452539,533.334,0.438,20,17713.21,1055.234,30
7/14/50,Jump_Gate,South,882.6849756,481.2362031,131.58,0.09,20,17653.7,122.964,337
7/15/50,Jump_Gate,South,919.5877042,567.3289183,352.363,0.459,20,18391.75,404.428,321
7/15/50,Jump_Gate,South,892.0113529,540.8388521,160.592,0.132,20,17840.23,170.445,74
7/14/50,Jump_Gate,South,920.7881661,70.6401766,101.968,0.14,10,9207.88,14.591,152
7/15/50,Jump_Gate,South,923.445526,562.9139073,363.669,0.482,20,18468.91,415.894,211
7/14/50,Jump_Gate,South,928.4357063,518.7637969,153.539,0.117,20,18568.71,162.691,309
7/12/50,Jump_Gate,South,917.1704652,1075.055188,348.655,0.239,20,18343.41,756.309,22
7/17/50,Jump_Gate,South,916.9582726,600.4415011,351.687,0.433,20,18339.17,425.99,259
7/11/50,Jump_Gate,South,878.484605,236.2030905,159.89,0.305,30,26354.54,72.99,19
7/16/50,Jump_Gate,South,885.6066206,472.406181,274.216,0.393,20,17712.13,252.39,78
7/14/50,Jump_Gate,South,869.2136308,818.9845475,214.683,0.156,20,17384.27,336.219,149
7/14/50,Jump_Gate,South,920.0523195,132.4503311,149.754,0.436,10,9200.52,40.148,42
7/13/50,Jump_Gate,South,881.4782861,1068.432671,503.768,0.389,20,17629.57,1043.787,358
7/15/50,Jump_Gate,South,897.2199029,512.1412804,241.828,0.297,20,17944.4,244.466,350
7/11/50,Jump_Gate,South,909.6929847,633.5540839,145.455,0.086,20,18193.86,184.429,184
7/17/50,Jump_Gate,South,894.4882943,973.5099338,490.535,0.412,20,17889.77,939.74,245
7/11/50,Jump_Gate,South,892.5385445,953.6423841,102.605,0.014,20,17850.77,192.134,59
7/16/50,Jump_Gate,South,925.2277021,836.6445916,189.574,0.116,20,18504.55,322.843,269
7/17/50,Jump_Gate,South,919.4132736,353.200883,131.853,0.113,20,18388.27,94.199,344
7/15/50,Jump_Gate,South,882.6425252,218.5430464,162.132,0.338,10,8826.43,68.804,68
7/13/50,Jump_Gate,South,864.8509635,507.7262693,311.408,0.443,20,17297.02,300.832,185
7/16/50,Jump_Gate,South,879.3962705,810.1545254,368.253,0.346,20,17587.93,577.194,301
7/14/50,Jump_Gate,South,929.8586803,611.4790287,336.355,0.398,20,18597.17,420.745,149
7/12/50,Jump_Gate,South,894.8585902,430.4635762,231.539,0.33,20,17897.17,196.217,216
7/11/50,Jump_Gate,South,894.0739763,156.7328918,151.16,0.394,10,8940.74,46.601,216
7/14/50,Jump_Gate,South,864.2444177,975.7174393,459.149,0.382,20,17284.89,851.799,88
7/16/50,Jump_Gate,South,871.7008951,1030.905077,428.4,0.331,20,17434.02,846.951,269
7/11/50,Jump_Gate,South,865.5173261,1055.187638,238.499,0.144,20,17310.35,479.198,81
7/14/50,Jump_Gate,South,853.3632311,620.3090508,221.804,0.22,20,17067.26,258.306,108
7/14/50,Jump_Gate,South,896.3660221,6.622516556,91.676,0.308,10,8963.66,1.197,155
7/16/50,Jump_Gate,South,877.4201304,430.4635762,262.51,0.406,20,17548.4,218.129,80
7/13/50,Jump_Gate,South,869.1482527,830.0220751,438.844,0.424,20,17382.97,696.492,71
7/13/50,Jump_Gate,South,886.0488593,991.1699779,376.044,0.29,20,17720.98,726.553,133
7/17/50,Jump_Gate,South,880.0384644,766.004415,386.746,0.39,20,17600.77,573.563,151
7/14/50,Jump_Gate,South,922.4481712,966.8874172,546.682,0.47,20,18448.96,1072.693,34
7/11/50,Jump_Gate,South,881.7811558,101.5452539,101.277,0.129,10,8817.81,19.951,14
7/15/50,Jump_Gate,South,920.5536445,708.6092715,208.976,0.165,20,18411.07,299.899,213
7/16/50,Jump_Gate,South,882.6274031,492.2737307,294.033,0.418,20,17652.55,281.062,332
7/12/50,Jump_Gate,South,885.1273559,779.2494481,162.541,0.095,20,17702.55,246.642,18
7/12/50,Jump_Gate,South,899.9498561,145.6953642,117.677,0.19,10,8999.5,33.945,314
7/15/50,Jump_Gate,South,894.6565542,894.0397351,239.664,0.168,20,17893.13,421.734,122
7/16/50,Jump_Gate,South,919.2602609,907.2847682,367.741,0.304,20,18385.21,674.756,290
7/13/50,Jump_Gate,South,910.1187394,894.0397351,334.191,0.272,20,18202.37,598.236,327
7/13/50,Jump_Gate,South,921.3525902,331.1258278,255.711,0.494,30,27640.58,171.629,212
7/17/50,Jump_Gate,South,896.6272545,472.406181,241.778,0.322,20,17932.55,225.303,351
7/16/50,Jump_Gate,South,912.745621,821.192053,179.142,0.107,20,18254.91,295.403,241
7/16/50,Jump_Gate,South,880.4166931,406.1810155,170.903,0.204,20,17608.33,134.456,321
7/11/50,Jump_Gate,South,910.2547061,582.781457,267.025,0.302,20,18205.09,311.633,288
7/15/50,Jump_Gate,South,891.7361244,902.8697572,146.957,0.064,20,17834.72,260.3,307
7/14/50,Jump_Gate,South,881.7019939,845.4746137,203.155,0.136,20,17634.04,333.175,353
7/13/50,Jump_Gate,South,926.1601032,562.9139073,130.331,0.067,20,18523.2,149.485,221
7/14/50,Jump_Gate,South,898.71152,803.5320088,315.664,0.281,20,17974.23,501.5,340
7/13/50,Jump_Gate,South,889.9517028,320.0883002,131.567,0.133,30,26698.55,82.453,96
7/13/50,Jump_Gate,South,861.1027299,1024.282561,483.532,0.388,20,17222.05,938.259,165
7/11/50,Jump_Gate,South,866.6440249,397.3509934,126.797,0.101,20,17332.88,96.061,305
7/15/50,Jump_Gate,South,899.0160611,509.9337748,175.061,0.167,20,17980.32,176.56,28
7/11/50,Jump_Gate,South,925.2253819,942.6048565,522.35,0.456,20,18504.51,1002.216,116
7/16/50,Jump_Gate,South,900.2246204,128.0353201,137.011,0.367,10,9002.25,34.742,317
7/11/50,Jump_Gate,South,878.7507022,1002.207506,175.067,0.087,20,17575.01,339.196,217
7/13/50,Jump_Gate,South,931.7259015,770.419426,347.411,0.33,20,18634.52,548.633,262
7/15/50,Jump_Gate,South,932.6142767,657.8366446,149.178,0.085,20,18652.29,201.348,245
7/12/50,Jump_Gate,South,933.1238256,737.3068433,220.129,0.172,20,18662.48,333.187,147
7/17/50,Jump_Gate,South,944.4982135,181.0154525,98.613,0.023,10,9444.98,37.091,216
7/14/50,Jump_Gate,South,951.6701121,198.6754967,158.544,0.319,10,9516.7,65.948,76
7/17/50,Jump_Gate,South,885.1385932,1079.470199,328.156,0.222,20,17702.77,689.803,200
7/16/50,Jump_Gate,South,865.2128448,1028.697572,141.042,0.053,20,17304.26,276.173,175
7/13/50,Jump_Gate,South,872.3525924,61.81015453,114.926,0.448,10,8723.53,13.633,135
7/13/50,Jump_Gate,South,891.6245891,660.0441501,408.624,0.484,20,17832.49,529.056,277
7/15/50,Jump_Gate,South,939.9111864,324.5033113,217.302,0.38,30,28197.34,145.812,356
7/14/50,Jump_Gate,South,911.7457984,1086.092715,319.254,0.21,20,18234.92,695.504,348
7/12/50,Jump_Gate,South,888.0536655,269.3156733,96.885,0.03,30,26641.61,50.978,311
7/15/50,Jump_Gate,South,892.6575399,150.1103753,102.025,0.085,10,8926.58,30.076,4
7/12/50,Jump_Gate,South,918.7160297,110.3752759,120.79,0.262,10,9187.16,26.947,32
7/17/50,Jump_Gate,South,916.6090745,399.5584989,190.751,0.248,20,18332.18,153.693,289
7/12/50,Jump_Gate,South,864.6626232,768.2119205,414.493,0.427,20,17293.25,605.714,3
7/14/50,Jump_Gate,South,895.0976172,929.3598234,199.174,0.118,20,17901.95,364.51,69
7/17/50,Jump_Gate,South,910.4067063,269.3156733,128.206,0.138,30,27312.2,69.156,243
7/12/50,Jump_Gate,South,870.2895652,516.5562914,211.002,0.24,20,17405.79,208.685,262
7/13/50,Jump_Gate,South,916.8033699,1097.130243,245.279,0.14,20,18336.07,542.772,326
7/16/50,Jump_Gate,South,888.0980791,759.3818985,441.163,0.464,20,17761.96,654.55,358
7/16/50,Jump_Gate,South,914.2021313,381.8984547,249.144,0.413,20,18284.04,191.365,58
7/17/50,Jump_Gate,South,921.7226232,556.2913907,362.53,0.486,20,18434.45,408.949,293
7/12/50,Jump_Gate,South,867.6922624,942.6048565,252.668,0.176,20,17353.85,454.641,237
7/11/50,Jump_Gate,South,901.7695707,92.71523179,117.806,0.298,10,9017.7,21.669,305
7/12/50,Jump_Gate,South,879.9691319,887.4172185,190.937,0.116,20,17599.38,328.026,286
7/13/50,Jump_Gate,South,889.5036067,251.6556291,98.262,0.037,30,26685.11,48.391,109
7/12/50,Jump_Gate,South,933.3767055,525.3863135,184.23,0.173,20,18667.53,198.755,336
7/13/50,Jump_Gate,South,907.7568152,545.2538631,187.831,0.178,20,18155.14,204.531,292
7/12/50,Jump_Gate,South,874.1618018,891.8322296,427.204,0.381,20,17483.24,732.711,145
7/12/50,Jump_Gate,South,873.6415626,368.6534216,151.51,0.174,20,17472.83,107.353,132
7/15/50,Jump_Gate,South,893.6959496,313.4657837,98.46,0.029,30,26810.88,60.682,70
7/16/50,Jump_Gate,South,948.6901833,953.6423841,213.121,0.124,20,18973.8,424.188,273
7/16/50,Jump_Gate,South,923.0430916,600.4415011,319.271,0.378,20,18460.86,389.291,176
7/11/50,Jump_Gate,South,919.7836416,490.0662252,107.66,0.032,20,18395.67,106.762,201
7/13/50,Jump_Gate,South,903.1429075,419.4260486,189.299,0.236,20,18062.86,157.755,42
7/14/50,Jump_Gate,South,918.0235289,977.9249448,146.566,0.056,20,18360.47,289.478,277
7/11/50,Jump_Gate,South,923.934422,779.2494481,447.731,0.456,20,18478.69,709.182,256
7/11/50,Jump_Gate,South,873.0832322,110.3752759,113.688,0.239,10,8730.83,24.103,276
7/13/50,Jump_Gate,South,917.0930124,485.6512141,96.566,0.01,20,18341.86,94.62,40
7/16/50,Jump_Gate,South,896.1005828,668.8741722,254.822,0.247,20,17922.01,336.017,101
7/12/50,Jump_Gate,South,846.7006554,929.3598234,507.529,0.455,20,16934.01,878.612,244
7/12/50,Jump_Gate,South,914.2381384,532.00883,281.351,0.357,20,18284.76,301.057,278
7/16/50,Jump_Gate,South,910.9428935,779.2494481,122.264,0.04,20,18218.86,190.936,336
7/15/50,Jump_Gate,South,875.4538464,342.1633554,176.508,0.26,20,17509.08,116.32,47
7/13/50,Jump_Gate,South,895.3219691,123.6203091,121.55,0.259,10,8953.22,29.597,38
7/11/50,Jump_Gate,South,904.7602712,1081.677704,585.884,0.458,20,18095.21,1261.437,321
7/12/50,Jump_Gate,South,895.2596357,988.9624724,189.411,0.101,20,17905.19,368.941,349
7/11/50,Jump_Gate,South,904.9310475,119.205298,134.48,0.369,10,9049.31,31.915,316
7/12/50,Jump_Gate,South,960.2756369,174.392936,100.213,0.024,10,9602.76,36.921,316
7/12/50,Jump_Gate,South,905.5673363,415.0110375,161.109,0.17,20,18111.35,133.206,48
7/15/50,Jump_Gate,South,893.5250816,540.8388521,234.297,0.268,20,17870.5,249.094,145
7/11/50,Jump_Gate,South,900.5813685,108.1677704,114.937,0.23,10,9005.81,24.632,79
7/12/50,Jump_Gate,South,886.0275374,715.2317881,172.285,0.117,20,17720.55,240.195,227
7/14/50,Jump_Gate,South,870.3356737,373.0684327,207.162,0.322,20,17406.71,147.982,265
7/17/50,Jump_Gate,South,905.9212495,688.7417219,426.009,0.487,20,18118.42,584.774,252
7/11/50,Jump_Gate,South,924.2151604,15.45253863,99.839,0.48,10,9242.15,3.137,270
7/15/50,Jump_Gate,South,908.8995617,432.6710817,181.751,0.21,20,18177.99,157.244,65
7/16/50,Jump_Gate,South,888.3173045,485.6512141,280.178,0.394,20,17766.35,265.919,316
7/17/50,Jump_Gate,South,878.0232053,701.986755,294.186,0.294,20,17560.46,398.914,133
7/17/50,Jump_Gate,South,885.7530725,947.0198675,480.642,0.414,20,17715.06,886.985,1
7/11/50,Jump_Gate,South,892.9539546,81.67770419,91.664,0.029,10,8929.54,14.708,56
7/14/50,Jump_Gate,South,888.1143964,1030.905077,603.233,0.499,20,17762.29,1215.053,363
7/11/50,Jump_Gate,South,870.565073,238.410596,189.096,0.428,30,26116.95,86.344,215
7/11/50,Jump_Gate,South,873.3010423,975.7174393,327.357,0.246,20,17466.02,613.666,127
7/13/50,Jump_Gate,South,924.9069439,1064.01766,574.491,0.453,20,18498.14,1243.806,177
7/13/50,Jump_Gate,South,913.8806293,70.6401766,122.117,0.435,10,9138.81,17.344,53
7/14/50,Jump_Gate,South,870.5993801,79.47019868,109.55,0.283,10,8705.99,16.675,70
7/15/50,Jump_Gate,South,907.2432225,39.73509934,94.936,0.106,10,9072.43,7.529,228
7/14/50,Jump_Gate,South,898.0142716,693.1567329,237.444,0.213,20,17960.29,325.161,238
7/12/50,Jump_Gate,South,945.564523,161.1479029,124.53,0.186,10,9455.65,41.746,300
7/15/50,Jump_Gate,South,881.0131428,1028.697572,563.36,0.462,20,17620.26,1123.256,130
7/14/50,Jump_Gate,South,886.5588898,911.6997792,252.762,0.18,20,17731.18,449.463,169
7/12/50,Jump_Gate,South,937.8368765,682.1192053,337.3,0.357,20,18756.74,474.708,339
7/11/50,Jump_Gate,South,938.3683583,955.8498896,304.124,0.22,20,18767.37,600.118,168
7/11/50,Jump_Gate,South,951.238485,629.1390728,181.316,0.137,20,19024.77,238.723,117
7/16/50,Quantum_Moves,East,700.8951825,344.3708609,200.606,0.379,20,14017.9,106.524,254
7/13/50,Quantum_Moves,East,763.9288772,880.794702,381.148,0.346,20,15278.58,564.214,365
7/15/50,Quantum_Moves,East,687.5805424,251.6556291,254.228,0.737,30,20627.42,96.778,221
7/12/50,Quantum_Moves,East,687.0344485,918.3222958,478.275,0.446,20,13740.69,663.856,61
7/16/50,Quantum_Moves,East,692.0774045,229.580574,167.239,0.427,30,20762.32,58.459,312
7/16/50,Quantum_Moves,East,709.6001282,48.56512141,74.991,0.083,10,7096,5.686,307
7/11/50,Quantum_Moves,East,678.1467432,719.6467991,275.793,0.289,20,13562.93,296.107,12
7/14/50,Quantum_Moves,East,707.3670404,845.4746137,124.002,0.063,20,14147.34,163.154,310
7/16/50,Quantum_Moves,East,704.118326,1454.746137,604.304,0.367,20,14082.37,1361.793,279
7/17/50,Quantum_Moves,East,698.0983181,799.1169978,322.331,0.316,20,13961.97,395.596,132
7/15/50,Quantum_Moves,East,650.6665708,1505.518764,584.471,0.345,20,13013.33,1259.593,80
7/13/50,Quantum_Moves,East,677.6816177,871.9646799,153.221,0.098,20,13553.63,199.189,143
7/14/50,Quantum_Moves,East,692.026741,1192.05298,631.852,0.472,20,13840.53,1146.718,221
7/11/50,Quantum_Moves,East,624.304109,958.0573951,638.223,0.601,20,12486.08,839.814,280
7/11/50,Quantum_Moves,East,694.9149454,1052.980132,744.452,0.641,20,13898.3,1198.426,310
7/16/50,Quantum_Moves,East,735.9945918,1735.099338,503.904,0.248,20,14719.89,1415.694,62
7/17/50,Quantum_Moves,East,638.0505187,90.50772627,105.891,0.465,10,6380.51,13.453,198
7/15/50,Quantum_Moves,East,732.6387745,1006.622517,402.429,0.327,20,14652.78,652.933,91
7/11/50,Quantum_Moves,East,684.8175961,428.2560706,170.407,0.238,20,13696.35,109.948,243
7/12/50,Quantum_Moves,East,735.6770138,64.01766004,88.1,0.227,10,7356.77,9.128,276
7/15/50,Quantum_Moves,East,713.7463241,1591.611479,520.209,0.282,20,14274.93,1300.114,169
7/14/50,Quantum_Moves,East,672.6098128,1196.467991,756.427,0.576,20,13452.2,1339.226,122
7/16/50,Quantum_Moves,East,676.9228209,1437.086093,655.46,0.409,20,13538.46,1402.784,302
7/11/50,Quantum_Moves,East,715.0898238,381.8984547,300.266,0.599,20,14301.8,180.4,323
7/16/50,Quantum_Moves,East,710.6716128,494.4812362,369.734,0.604,20,14213.43,285.845,79
7/13/50,Quantum_Moves,East,658.2021082,1359.8234,555.357,0.36,20,13164.04,1093.545,90
7/17/50,Quantum_Moves,East,757.2694598,724.0618102,245.157,0.234,20,15145.39,295.728,51
7/17/50,Quantum_Moves,East,691.7291597,1631.346578,840.8,0.473,20,13834.58,2087.362,196
7/11/50,Quantum_Moves,East,687.6714582,181.0154525,142.621,0.408,10,6876.71,39.057,164
7/11/50,Quantum_Moves,East,688.6761086,216.3355408,71.68,0.013,10,6886.76,23.494,156
7/13/50,Quantum_Moves,East,660.4622844,1216.335541,961.269,0.736,20,13209.25,1698.905,359
7/14/50,Quantum_Moves,East,676.6981097,527.593819,231.751,0.311,20,13533.96,182.028,191
7/14/50,Quantum_Moves,East,765.2285713,229.580574,183.278,0.465,30,22956.86,70.837,228
7/15/50,Quantum_Moves,East,675.0257775,549.6688742,367.072,0.545,20,13500.52,299.637,10
7/12/50,Quantum_Moves,East,675.9779508,741.7218543,484.445,0.562,20,13519.56,534.368,68
7/13/50,Quantum_Moves,East,676.8280997,772.6269316,291.745,0.29,20,13536.56,335.64,249
7/16/50,Quantum_Moves,East,659.3619651,275.9381898,153.133,0.316,30,19780.86,61.295,308
7/13/50,Quantum_Moves,East,661.0622726,520.9713024,199.996,0.257,20,13221.25,151.531,181
7/12/50,Quantum_Moves,East,661.1652168,1582.781457,282.958,0.137,20,13223.3,651.442,40
7/14/50,Quantum_Moves,East,671.5384391,423.8410596,112.505,0.107,20,13430.77,70.448,338
7/14/50,Quantum_Moves,East,686.1454045,1119.205298,668.509,0.536,20,13722.91,1129.421,241
7/16/50,Quantum_Moves,East,683.0827719,4.415011038,69.783,0.334,10,6830.83,0.463,198
7/14/50,Quantum_Moves,East,675.7702871,474.6136865,338.581,0.571,20,13515.41,238.905,190
7/15/50,Quantum_Moves,East,713.8464123,1055.187638,151.579,0.076,20,14276.93,251.186,102
7/13/50,Quantum_Moves,East,720.3623769,1660.04415,437.246,0.22,20,14407.25,1150.321,11
7/17/50,Quantum_Moves,East,669.9321925,644.5916115,286.154,0.34,20,13398.64,271.855,48
7/14/50,Quantum_Moves,East,686.4537759,805.7395143,549.672,0.597,20,13729.08,668.855,60
7/11/50,Quantum_Moves,East,665.3973451,344.3708609,271.44,0.595,20,13307.95,136.837,322
7/17/50,Quantum_Moves,East,725.4602312,960.2649007,366.387,0.306,20,14509.2,561.523,333
7/12/50,Quantum_Moves,East,676.5896827,1538.631347,600.025,0.346,20,13531.79,1374.206,274
7/16/50,Quantum_Moves,East,770.8123823,452.5386313,229.587,0.337,20,15416.25,176.187,224
7/17/50,Quantum_Moves,East,690.0541876,1415.011038,561.429,0.348,20,13801.08,1206.037,329
7/12/50,Quantum_Moves,East,710.1609806,1865.342163,1343.179,0.682,20,14203.22,3914.46,248
7/16/50,Quantum_Moves,East,672.7222158,741.7218543,369.895,0.408,20,13454.44,406.049,66
7/13/50,Quantum_Moves,East,681.0096158,17.66004415,70.909,0.159,10,6810.1,1.876,195
7/17/50,Quantum_Moves,East,642.4448201,467.99117,321.64,0.55,20,12848.9,212.748,246
7/14/50,Quantum_Moves,East,695.2470219,1494.481236,260.818,0.128,20,13904.94,596.197,211
7/13/50,Quantum_Moves,East,718.8087367,1282.560706,291.199,0.171,20,14376.17,590.614,70
7/14/50,Quantum_Moves,East,745.4951693,1375.275938,214.828,0.102,20,14909.9,484.561,193
7/11/50,Quantum_Moves,East,716.5687559,1503.311258,975.147,0.601,20,14331.38,2310.998,194
7/15/50,Quantum_Moves,East,739.8734507,1075.055188,748.047,0.627,20,14797.47,1309,148
7/15/50,Quantum_Moves,East,683.7582833,298.013245,78.806,0.035,30,20512.75,35.328,217
7/16/50,Quantum_Moves,East,672.5070893,1832.229581,787.317,0.393,20,13450.14,2134.269,131
7/15/50,Quantum_Moves,East,641.961024,128.0353201,149.084,0.663,10,6419.61,26.958,40
7/12/50,Quantum_Moves,East,683.7623044,1832.229581,744.469,0.369,20,13675.25,2051.891,282
7/14/50,Quantum_Moves,East,657.1471039,1167.770419,910.013,0.723,20,13142.94,1536.351,298
7/12/50,Quantum_Moves,East,706.8509421,498.8962472,107.105,0.073,20,14137.02,83.094,76
7/14/50,Quantum_Moves,East,688.311823,1033.112583,113.255,0.043,20,13766.24,177.179,162
7/15/50,Quantum_Moves,East,654.5690032,399.5584989,138.576,0.183,20,13091.38,79.735,167
7/16/50,Quantum_Moves,East,681.8210326,1388.520971,590.266,0.376,20,13636.42,1229.4,346
7/12/50,Quantum_Moves,East,679.2107304,1033.112583,722.914,0.634,20,13584.21,1115.993,149
7/17/50,Quantum_Moves,East,648.734827,721.8543046,340.622,0.382,20,12974.7,350.923,96
7/11/50,Quantum_Moves,East,688.1237667,501.1037528,91.863,0.046,20,13762.48,69.688,289
7/15/50,Quantum_Moves,East,730.42567,1649.006623,416.036,0.208,20,14608.51,1102.433,45
7/15/50,Quantum_Moves,East,745.1260621,732.8918322,237.947,0.223,20,14902.52,285.873,200
7/13/50,Quantum_Moves,East,691.22497,1000,110.122,0.041,20,13824.5,167.462,238
7/15/50,Quantum_Moves,East,663.8238775,1324.503311,1042.541,0.737,20,13276.48,2016.609,163
7/14/50,Quantum_Moves,East,678.9454449,101.5452539,142.023,0.73,10,6789.45,21.541,12
7/13/50,Quantum_Moves,East,721.2382884,1090.507726,292.406,0.202,20,14424.77,505.96,105
7/17/50,Quantum_Moves,East,701.8371673,1642.384106,881.521,0.494,20,14036.74,2235.458,154
7/16/50,Quantum_Moves,East,687.4818763,44.15011038,83.097,0.325,10,6874.82,5.549,128
7/14/50,Quantum_Moves,East,722.6354329,1728.476821,870.82,0.462,20,14452.71,2392.951,18
7/15/50,Quantum_Moves,East,646.368473,1580.573951,1136.266,0.678,20,12927.37,2553.863,198
7/13/50,Quantum_Moves,East,782.2488769,165.5629139,142.96,0.391,10,7822.49,40.733,44
7/17/50,Quantum_Moves,East,714.5717833,580.5739514,102.808,0.054,20,14291.44,93.832,147
7/17/50,Quantum_Moves,East,712.8430289,1754.966887,574.96,0.287,20,14256.86,1582.425,338
7/15/50,Quantum_Moves,East,707.5568883,1653.421634,163.347,0.056,20,14151.14,420.416,73
7/15/50,Quantum_Moves,East,681.863739,1399.558499,581.824,0.367,20,13637.27,1221.527,28
7/15/50,Quantum_Moves,East,640.2814621,1384.10596,808.677,0.538,20,12805.63,1576.66,125
7/14/50,Quantum_Moves,East,683.2605497,461.3686534,163.368,0.206,20,13665.21,113.298,174
7/11/50,Quantum_Moves,East,660.7597341,430.4635762,323.924,0.599,20,13215.19,202.696,208
7/17/50,Quantum_Moves,East,674.9150269,732.8918322,502.829,0.594,20,13498.3,547.182,295
7/14/50,Quantum_Moves,East,722.3994148,1558.498896,809.41,0.473,20,14447.99,2004.819,323
7/15/50,Quantum_Moves,East,723.3833729,668.8741722,289.054,0.324,20,14467.67,307.691,262
7/11/50,Quantum_Moves,East,752.6955838,1214.128035,491.715,0.343,20,15053.91,988.599,208
7/11/50,Quantum_Moves,East,685.3876059,790.2869757,308.786,0.304,20,13707.75,367.961,91
7/15/50,Quantum_Moves,East,719.4385196,147.9028698,91.615,0.133,10,7194.39,21.447,35
7/13/50,Quantum_Moves,East,650.040602,1779.249448,1225.075,0.652,20,13000.81,3117.186,130
7/14/50,Quantum_Moves,East,750.3434176,1044.15011,106.359,0.03,20,15006.87,183.324,220
7/17/50,Quantum_Moves,East,688.1804673,192.0529801,170.606,0.53,10,6881.8,49.607,95
7/11/50,Quantum_Moves,East,711.1733075,1143.487859,443.894,0.326,20,14223.47,794.162,166
7/17/50,Quantum_Moves,East,709.4690795,735.0993377,142.987,0.098,20,14189.38,164.059,328
7/17/50,Quantum_Moves,East,737.3317358,953.6423841,166.236,0.097,20,14746.63,257.156,98
7/16/50,Quantum_Moves,East,661.5708747,377.4834437,121.647,0.147,20,13231.42,66.834,337
7/13/50,Quantum_Moves,East,679.7322508,810.1545254,318.311,0.309,20,13594.65,385.638,138
7/12/50,Quantum_Moves,East,625.1856584,463.5761589,339.274,0.597,20,12503.71,216.323,55
7/12/50,Quantum_Moves,East,630.9848429,1059.602649,749.721,0.648,20,12619.7,1102.768,2
7/12/50,Quantum_Moves,East,675.8801521,507.7262693,326.021,0.509,20,13517.6,246.132,244
7/16/50,Quantum_Moves,East,701.2556373,1421.633554,206.602,0.096,20,14025.11,453.128,89
7/16/50,Quantum_Moves,East,688.9374396,596.0264901,288.828,0.369,20,13778.75,260.92,21
7/16/50,Quantum_Moves,East,713.6851044,163.3554084,192.415,0.741,10,7136.85,49.352,50
7/15/50,Quantum_Moves,East,673.8390612,229.580574,171.384,0.453,30,20215.17,58.329,157
7/17/50,Quantum_Moves,East,659.5315223,1554.083885,109.468,0.028,20,13190.63,246.842,360
7/17/50,Quantum_Moves,East,748.2075604,653.4216336,406.106,0.507,20,14964.15,436.795,309
7/11/50,Quantum_Moves,East,685.752051,1556.291391,1129.966,0.682,20,13715.04,2653.054,107
7/13/50,Quantum_Moves,East,665.9195885,909.4922737,135.713,0.076,20,13318.39,180.828,118
7/11/50,Quantum_Moves,East,708.3149199,271.5231788,93.096,0.082,30,21249.45,39.39,126
7/17/50,Quantum_Moves,East,740.5369653,154.5253863,95.533,0.139,10,7405.37,24.05,343
7/16/50,Quantum_Moves,East,709.8487569,737.3068433,161.674,0.123,20,14196.98,186.156,41
7/13/50,Quantum_Moves,East,657.2046351,536.4238411,275.462,0.391,20,13144.09,213.645,354
7/17/50,Quantum_Moves,East,671.5135397,1651.214128,937.341,0.527,20,13430.27,2286.538,57
7/16/50,Quantum_Moves,East,714.8424555,1825.607064,1371.316,0.712,20,14296.85,3937.113,201
7/13/50,Quantum_Moves,East,681.374542,1693.156733,357.667,0.171,20,13627.49,907.788,58
7/17/50,Quantum_Moves,East,708.2649466,1613.686534,233.809,0.101,20,14165.3,587.894,335
7/11/50,Quantum_Moves,East,654.149016,1871.96468,827.305,0.407,20,13082.98,2228.757,320
7/16/50,Quantum_Moves,East,716.2060809,1399.558499,793.793,0.516,20,14324.12,1750.487,282
7/12/50,Quantum_Moves,East,673.1913599,26.49006623,86.021,0.706,10,6731.91,3.375,16
7/15/50,Quantum_Moves,East,674.1180484,520.9713024,358.635,0.559,20,13482.36,277.093,8
7/16/50,Quantum_Moves,East,709.9220168,869.7571744,119.699,0.056,20,14198.44,162.6,335
7/12/50,Quantum_Moves,East,713.968797,1439.293598,426.902,0.247,20,14279.38,965.116,267
7/11/50,Quantum_Moves,East,702.7289886,761.589404,495.24,0.558,20,14054.58,583.106,344
7/16/50,Quantum_Moves,East,685.9719758,1379.690949,579.083,0.37,20,13719.44,1205.734,202
7/12/50,Quantum_Moves,East,707.4895928,1847.682119,1329.02,0.681,20,14149.79,3822.095,225
7/15/50,Quantum_Moves,East,675.5702832,260.4856512,228.798,0.619,30,20267.11,88.579,86
7/15/50,Quantum_Moves,East,622.0140733,724.0618102,306.21,0.337,20,12440.28,303.402,337
7/17/50,Quantum_Moves,East,774.4385811,1518.763797,226.283,0.098,20,15488.77,585.534,100
7/15/50,Quantum_Moves,East,710.279398,1364.238411,859.558,0.578,20,14205.59,1832.388,337
7/12/50,Quantum_Moves,East,719.9131368,1609.271523,472.7,0.249,20,14398.26,1204.808,86
7/16/50,Quantum_Moves,East,701.2668196,677.7041943,387.97,0.469,20,14025.34,405.643,155
7/16/50,Quantum_Moves,East,708.8521881,704.1942605,119.475,0.069,20,14177.04,131.204,205
7/12/50,Quantum_Moves,East,758.3229832,880.794702,302.197,0.257,20,15166.46,444.06,69
7/16/50,Quantum_Moves,East,677.2699711,1132.450331,410.859,0.303,20,13545.4,693.261,81
7/14/50,Quantum_Moves,East,701.506218,1194.260486,225.404,0.13,20,14030.12,415.446,225
7/13/50,Quantum_Moves,East,731.8466113,70.6401766,107.586,0.487,10,7318.47,12.236,101
7/13/50,Quantum_Moves,East,683.0858046,408.388521,267.194,0.487,20,13661.72,163.983,275
7/11/50,Quantum_Moves,East,655.6584667,1154.525386,832.171,0.664,20,13113.17,1385.851,281
7/12/50,Quantum_Moves,East,669.9813179,1410.596026,605.846,0.382,20,13399.63,1259.651,105
7/12/50,Quantum_Moves,East,722.1064662,1472.406181,580.191,0.345,20,14442.13,1357.133,337
7/15/50,Quantum_Moves,East,760.4013534,1401.766004,537.221,0.329,20,15208.03,1259.778,265
7/16/50,Quantum_Moves,East,757.2551807,366.4459161,142.419,0.182,20,15145.1,86.945,290
7/12/50,Quantum_Moves,East,676.0675699,397.3509934,217.408,0.377,20,13521.35,128.488,163
7/14/50,Quantum_Moves,East,736.8762061,604.8565121,81.551,0.013,20,14737.52,79.965,315
7/12/50,Quantum_Moves,East,645.3807642,158.9403974,150.684,0.542,10,6453.81,34.005,182
7/17/50,Quantum_Moves,East,732.7048473,1463.576159,519.661,0.305,20,14654.1,1225.991,204
7/12/50,Quantum_Moves,East,641.7225383,726.2693157,153.503,0.123,20,12834.45,157.393,279
7/11/50,Quantum_Moves,East,702.753599,732.8918322,427.194,0.487,20,14055.07,484.051,280
7/14/50,Quantum_Moves,East,718.1531106,445.9161148,124.433,0.118,20,14363.06,87.665,305
7/17/50,Quantum_Moves,East,711.9292545,1022.075055,113.098,0.041,20,14238.59,181.049,101
7/16/50,Quantum_Moves,East,719.6282784,121.4128035,162.294,0.744,10,7196.28,31.196,192
7/16/50,Quantum_Moves,East,681.5514536,664.4591611,188.422,0.181,20,13631.03,187.725,1
7/15/50,Quantum_Moves,East,738.6082127,1286.975717,121.479,0.037,20,14772.16,254.044,289
7/15/50,Quantum_Moves,East,685.2659991,876.3796909,629.41,0.64,20,13705.32,831.587,119
7/14/50,Quantum_Moves,East,687.3503578,1158.940397,791.914,0.624,20,13747.01,1387.842,229
7/12/50,Quantum_Moves,East,716.4661817,284.7682119,107.527,0.126,30,21493.99,48.264,290
7/15/50,Quantum_Moves,East,697.0791284,686.5342163,339.516,0.393,20,13941.58,357.46,342
7/11/50,Quantum_Moves,East,694.3407188,417.218543,315.176,0.589,20,13886.81,200.869,4
7/14/50,Quantum_Moves,East,695.5450053,384.1059603,233.952,0.428,20,13910.9,137.507,68
7/16/50,Quantum_Moves,East,694.7184315,1730.684327,88.509,0.011,20,13894.37,234.119,222
7/13/50,Quantum_Moves,East,644.2090222,1695.364238,905.322,0.496,20,12884.18,2175.282,147
7/14/50,Quantum_Moves,East,637.6799944,156.7328918,112.825,0.313,10,6376.8,24.808,281
7/11/50,Quantum_Moves,East,726.1610974,757.1743929,475.433,0.532,20,14523.22,575.097,33
7/17/50,Quantum_Moves,East,742.3703839,1156.732892,305.584,0.2,20,14847.41,577.307,302
7/16/50,Quantum_Moves,East,735.8040786,532.00883,215.627,0.267,20,14716.08,185.698,34
7/17/50,Quantum_Moves,East,749.6738631,805.7395143,294.129,0.272,20,14993.48,390.866,102
7/17/50,Quantum_Moves,East,730.6819354,1313.465784,813.863,0.564,20,14613.64,1718.388,328
7/16/50,Quantum_Moves,East,695.8347178,1119.205298,509.431,0.393,20,13916.69,872.818,16
7/17/50,Quantum_Moves,East,634.4422519,935.98234,547.347,0.517,20,12688.85,715.064,11
7/12/50,Quantum_Moves,East,703.1940823,231.7880795,89.094,0.081,30,21095.82,31.948,39
7/14/50,Quantum_Moves,East,736.4896983,1615.89404,209.384,0.084,20,14729.79,548.208,40
7/11/50,Quantum_Moves,East,724.7308678,293.598234,139.413,0.228,30,21741.93,65.261,145
7/16/50,Quantum_Moves,East,715.8482698,79.47019868,113.307,0.525,10,7158.48,14.181,127
7/11/50,Quantum_Moves,East,630.2583311,1216.335541,466.849,0.332,20,12605.17,787.356,241
7/13/50,Quantum_Moves,East,741.8647564,1854.304636,166.902,0.05,20,14837.3,505.115,358
7/17/50,Quantum_Moves,East,639.6974572,1196.467991,256.601,0.161,20,12793.95,432.073,300
7/12/50,Quantum_Moves,East,706.7975082,163.3554084,133.082,0.382,10,7067.98,33.804,53
7/13/50,Quantum_Moves,East,670.6599216,1434.878587,993.998,0.646,20,13413.2,2104.387,109
7/12/50,Quantum_Moves,East,679.8119237,1609.271523,719.736,0.405,20,13596.24,1732.264,99
7/14/50,Quantum_Moves,East,755.5293799,1514.348786,261.818,0.123,20,15110.59,659.021,84
7/13/50,Quantum_Moves,East,675.082094,1512.14128,822.067,0.499,20,13501.64,1846.2,53
7/12/50,Quantum_Moves,East,665.6781584,916.1147903,220.475,0.168,20,13313.56,295.799,97
7/13/50,Quantum_Moves,East,677.2776159,1011.037528,744.112,0.669,20,13545.55,1120.973,127
7/16/50,Quantum_Moves,East,701.5244757,631.3465784,298.7,0.362,20,14030.49,291.051,282
7/16/50,Quantum_Moves,East,675.7108026,1719.646799,1078.723,0.588,20,13514.22,2757.609,18
7/15/50,Quantum_Moves,East,704.8345468,871.9646799,269.291,0.228,20,14096.69,364.108,105
7/14/50,Quantum_Moves,East,701.7214973,1245.033113,180.98,0.089,20,14034.43,347.856,354
7/15/50,Quantum_Moves,East,696.9557261,1618.101545,215.325,0.09,20,13939.11,534.23,34
7/12/50,Quantum_Moves,East,686.6221951,1845.474614,960.026,0.483,20,13732.44,2676.28,303
7/11/50,Quantum_Moves,East,763.2514398,1415.011038,396.118,0.226,20,15265.03,941.184,220
7/11/50,Quantum_Moves,East,669.0233866,403.9735099,335.141,0.664,20,13380.47,199.271,184
7/12/50,Quantum_Moves,East,767.0572134,907.2847682,173.785,0.107,20,15341.14,266.076,134
7/15/50,Quantum_Moves,East,774.5490639,401.7660044,202.002,0.31,20,15490.98,138.293,178
7/13/50,Quantum_Moves,East,670.0084943,1324.503311,583.557,0.39,20,13400.17,1139.303,46
7/15/50,Quantum_Moves,East,712.6670241,869.7571744,707.929,0.732,20,14253.34,965.377,103
7/14/50,Quantum_Moves,East,698.8915684,412.803532,256.064,0.451,20,13977.83,162.527,196
7/16/50,Quantum_Moves,East,655.6777709,869.7571744,556.981,0.565,20,13113.56,698.798,334
7/16/50,Quantum_Moves,East,622.8606362,1300.220751,323.63,0.201,20,12457.21,576.606,180
7/16/50,Quantum_Moves,East,736.5148542,1198.675497,120.4,0.039,20,14730.3,233.847,317
7/12/50,Quantum_Moves,East,643.175127,582.781457,278.198,0.367,20,12863.5,229.41,278
7/17/50,Quantum_Moves,East,700.7276448,1143.487859,800.762,0.639,20,14014.55,1411.585,255
7/16/50,Quantum_Moves,East,702.605527,898.4547461,293.077,0.248,20,14052.11,407.017,282
7/16/50,Quantum_Moves,East,682.5511359,72.84768212,106.136,0.52,10,6825.51,11.61,275
7/12/50,Quantum_Moves,East,743.1396878,814.5695364,684.427,0.749,20,14862.79,911.483,143
7/13/50,Quantum_Moves,East,780.1303134,1567.328918,1109.315,0.658,20,15602.61,2984.042,124
7/13/50,Quantum_Moves,East,648.532139,697.5717439,255.988,0.274,20,12970.64,254.778,350
7/15/50,Quantum_Moves,East,718.3632449,1079.470199,449.651,0.35,20,14367.26,767.102,156
7/17/50,Quantum_Moves,East,769.632898,624.7240618,86.334,0.015,20,15392.66,91.322,210
7/11/50,Quantum_Moves,East,705.7357584,721.8543046,592.474,0.723,20,14114.72,664.024,271
7/14/50,Quantum_Moves,East,685.8284331,538.6313466,243.638,0.325,20,13716.57,198.004,114
7/16/50,Quantum_Moves,East,676.9137232,1295.80574,889.232,0.634,20,13538.27,1715.975,32
7/14/50,Quantum_Moves,East,676.6687562,748.3443709,622.938,0.742,20,13533.38,693.977,355
7/13/50,Quantum_Moves,East,710.301126,1311.258278,490.633,0.32,20,14206.02,1005.334,191
7/14/50,Quantum_Moves,East,673.6192316,1187.637969,815.574,0.63,20,13472.38,1435.439,112
7/17/50,Quantum_Moves,East,688.0086074,1730.684327,305.905,0.137,20,13760.17,801.348,225
7/12/50,Quantum_Moves,East,705.7330476,578.3664459,194.922,0.215,20,14114.66,175.036,292
7/13/50,Quantum_Moves,East,712.5167421,421.6335541,186.779,0.274,20,14250.33,123.447,144
7/14/50,Quantum_Moves,East,700.8153729,1710.816777,117.984,0.028,20,14016.31,311.21,138
7/14/50,Quantum_Moves,East,736.4860946,841.0596026,151.867,0.093,20,14729.72,206.956,147
7/17/50,Quantum_Moves,East,676.2099748,748.3443709,338.522,0.362,20,13524.2,376.871,283
7/12/50,Quantum_Moves,East,725.2097695,1567.328918,655.567,0.372,20,14504.2,1639.319,270
7/11/50,Quantum_Moves,East,679.661595,1673.289183,417.684,0.209,20,13593.23,1045.043,278
7/16/50,Quantum_Moves,East,711.5811676,1832.229581,855.352,0.428,20,14231.62,2453.42,40
7/11/50,Quantum_Moves,East,710.2323807,803.5320088,128.074,0.071,20,14204.65,160.8,130
7/12/50,Quantum_Moves,East,657.4333811,1613.686534,104.472,0.024,20,13148.67,243.834,122
7/15/50,Quantum_Moves,East,706.8242069,549.6688742,397.186,0.594,20,14136.48,339.492,11
7/14/50,Quantum_Moves,East,639.5351423,1220.750552,424.075,0.295,20,12790.7,728.378,137
7/16/50,Quantum_Moves,East,683.0610217,1668.874172,819.299,0.45,20,13661.22,2054.699,14
7/15/50,Quantum_Moves,East,780.9154023,538.6313466,367.337,0.537,20,15618.31,339.925,216
7/12/50,Quantum_Moves,East,705.40359,1333.333333,814.54,0.558,20,14108.07,1685.433,232
7/14/50,Quantum_Moves,East,705.6425668,1766.004415,123.544,0.03,20,14112.85,338.704,118
7/17/50,Quantum_Moves,East,703.4396171,145.6953642,78.94,0.059,10,7034.4,17.799,216
7/16/50,Quantum_Moves,East,712.6910054,463.5761589,245.11,0.375,20,14253.82,178.158,78
7/11/50,Quantum_Moves,East,669.6765119,1690.949227,1167.776,0.651,20,13393.53,2909.229,288
7/16/50,Quantum_Moves,East,672.3978343,370.8609272,210.392,0.386,20,13447.96,115.422,40
7/17/50,Quantum_Moves,East,749.7645182,1284.768212,628.712,0.431,20,14995.29,1332.368,215
7/15/50,Quantum_Moves,East,702.9476238,275.9381898,274.489,0.74,30,21088.43,117.134,351
7/15/50,Quantum_Moves,East,709.0294211,838.8520971,505.428,0.518,20,14180.59,661.35,343
7/16/50,Quantum_Moves,East,733.2027916,715.2317881,590.433,0.723,20,14664.06,681.184,200
7/17/50,Quantum_Moves,East,665.6733563,269.3156733,118.276,0.192,30,19970.2,46.649,329
7/13/50,Quantum_Moves,East,674.4700408,300.2207506,268.295,0.669,30,20234.1,119.519,355
7/15/50,Quantum_Moves,East,734.3413766,1737.306843,285.386,0.122,20,14686.83,800.995,143
7/13/50,Insta_Port,West,347.8709047,1211.92053,586.211,0.455,20,6957.42,543.712,358
7/14/50,Insta_Port,West,321.2760709,814.5695364,392.982,0.443,20,6425.52,226.257,358
7/13/50,Insta_Port,West,355.9048131,238.410596,40.597,0.021,30,10677.14,7.578,141
7/13/50,Insta_Port,West,443.8330979,620.3090508,58.03,0.022,20,8876.66,35.148,31
7/14/50,Insta_Port,West,301.8120482,1434.878587,430.512,0.279,20,6036.24,410.166,296
7/17/50,Insta_Port,West,385.0016569,503.3112583,132.116,0.186,20,7700.03,56.322,176
7/15/50,Insta_Port,West,338.5688068,514.3487859,178.903,0.282,20,6771.38,68.54,198
7/15/50,Insta_Port,West,352.436809,929.3598234,175.577,0.151,20,7048.74,126.519,357
7/16/50,Insta_Port,West,310.3576588,1280.353201,416.422,0.301,20,6207.15,364.04,39
7/16/50,Insta_Port,West,382.823748,50.77262693,40.009,0.034,10,3828.24,1.711,10
7/14/50,Insta_Port,West,400.6841104,19.86754967,44.698,0.233,10,4006.84,0.783,364
7/16/50,Insta_Port,West,363.5023203,1136.865342,444.485,0.359,20,7270.05,404.107,324
7/16/50,Insta_Port,West,340.2470666,520.9713024,163.747,0.249,20,6804.94,63.856,164
7/16/50,Insta_Port,West,342.524079,39.73509934,52.968,0.471,10,3425.24,1.586,28
7/17/50,Insta_Port,West,358.7114714,1635.761589,263.242,0.139,20,7174.23,339.815,87
7/17/50,Insta_Port,West,325.6054931,858.7196468,65.192,0.038,20,6512.11,40.101,9
7/16/50,Insta_Port,West,356.0489521,801.3245033,254.366,0.273,20,7120.98,159.661,145
7/11/50,Insta_Port,West,323.9136649,960.2649007,115.934,0.087,20,6478.27,79.333,273
7/11/50,Insta_Port,West,373.8510295,362.0309051,171.699,0.371,20,7477.02,51.125,178
7/11/50,Insta_Port,West,363.8976846,1598.233996,130.686,0.059,20,7277.95,167.214,10
7/11/50,Insta_Port,West,360.3074138,779.2494481,94.474,0.075,20,7206.15,58.356,238
7/13/50,Insta_Port,West,424.0961142,275.9381898,104.22,0.224,30,12722.88,26.832,160
7/13/50,Insta_Port,West,378.085609,785.8719647,88.104,0.064,20,7561.71,57.592,304
7/11/50,Insta_Port,West,307.4369497,1150.110375,191.759,0.14,20,6148.74,149.167,156
7/15/50,Insta_Port,West,400.5715574,302.4282561,153.165,0.374,30,12017.15,40.821,227
7/15/50,Insta_Port,West,320.5277987,1547.461369,313.691,0.182,20,6410.56,342.303,307
7/15/50,Insta_Port,West,390.8831414,1132.450331,194.234,0.137,20,7817.66,189.153,277
7/17/50,Insta_Port,West,333.4160418,554.0838852,145.267,0.202,20,6668.32,59.041,269
7/13/50,Insta_Port,West,353.9133403,604.8565121,184.791,0.247,20,7078.27,87.027,6
7/11/50,Insta_Port,West,348.4977072,492.2737307,278.525,0.495,20,6969.95,105.122,68
7/14/50,Insta_Port,West,320.4113667,1399.558499,106.218,0.053,20,6408.23,104.79,216
7/13/50,Insta_Port,West,352.3442907,1551.87638,573.736,0.347,20,7046.89,690.175,265
7/14/50,Insta_Port,West,341.8478467,964.6799117,255.096,0.229,20,6836.96,185.073,268
7/16/50,Insta_Port,West,353.8346759,1501.103753,596.796,0.374,20,7076.69,697.364,76
7/16/50,Insta_Port,West,314.8054369,1081.677704,108.28,0.071,20,6296.11,81.117,273
7/14/50,Insta_Port,West,320.5658909,1582.781457,242.567,0.133,20,6411.32,270.765,129
7/11/50,Insta_Port,West,359.2977342,812.3620309,48.928,0.016,20,7185.95,31.418,245
7/15/50,Insta_Port,West,347.4349645,1300.220751,383.203,0.268,20,6948.7,380.84,142
7/12/50,Insta_Port,West,329.1934117,726.2693157,138.228,0.145,20,6583.87,72.706,235
7/14/50,Insta_Port,West,322.3734954,1097.130243,432.69,0.365,20,6447.47,336.68,205
7/12/50,Insta_Port,West,312.1656133,1218.543046,198.157,0.137,20,6243.31,165.828,153
7/15/50,Insta_Port,West,332.1676367,514.3487859,119.627,0.168,20,6643.35,44.964,15
7/14/50,Insta_Port,West,331.5246673,1203.090508,273.771,0.2,20,6630.49,240.228,162
7/16/50,Insta_Port,West,358.2948888,1024.282561,132.112,0.094,20,7165.9,106.666,264
7/15/50,Insta_Port,West,356.6963454,465.7836645,114.387,0.169,20,7133.93,41.81,188
7/15/50,Insta_Port,West,349.4497606,348.785872,173.413,0.397,20,6989,46.499,170
7/15/50,Insta_Port,West,363.6648942,664.4591611,253.645,0.327,20,7273.3,134.84,213
7/13/50,Insta_Port,West,395.0421098,1339.95585,382.533,0.256,20,7900.84,445.477,54
7/17/50,Insta_Port,West,363.8963963,28.69757174,39.288,0.101,10,3638.96,0.903,141
7/13/50,Insta_Port,West,377.894997,677.7041943,363.088,0.48,20,7557.9,204.572,156
7/13/50,Insta_Port,West,317.5088115,1322.295806,692.899,0.5,20,6350.18,639.996,32
7/16/50,Insta_Port,West,334.230886,1209.713024,523.357,0.405,20,6684.62,465.532,229
7/15/50,Insta_Port,West,390.3025829,379.6909492,46.624,0.02,20,7806.05,15.201,97
7/12/50,Insta_Port,West,355.5852023,465.7836645,216.748,0.389,20,7111.7,78.978,356
7/11/50,Insta_Port,West,332.1978262,587.196468,93.701,0.103,20,6643.96,40.211,299
7/13/50,Insta_Port,West,326.9032695,785.8719647,152.929,0.153,20,6538.07,86.434,271
7/17/50,Insta_Port,West,341.0310514,982.3399558,201.101,0.17,20,6820.62,148.215,296
7/12/50,Insta_Port,West,313.3778933,251.6556291,42.662,0.045,30,9401.34,7.402,364
7/15/50,Insta_Port,West,333.3582741,724.0618102,108.638,0.104,20,6667.17,57.689,322
7/14/50,Insta_Port,West,355.1897717,1154.525386,334.541,0.259,20,7103.8,301.812,133
7/12/50,Insta_Port,West,304.5613766,1103.752759,565.776,0.485,20,6091.23,418.421,237
7/13/50,Insta_Port,West,377.8492611,618.1015453,98.359,0.098,20,7556.99,50.538,361
7/11/50,Insta_Port,West,355.7397822,1298.013245,126.435,0.07,20,7114.8,128.44,40
7/16/50,Insta_Port,West,319.4248182,1143.487859,545.369,0.449,20,6388.5,438.241,84
7/14/50,Insta_Port,West,323.9012374,1631.346578,828.487,0.488,20,6478.02,963.091,129
7/15/50,Insta_Port,West,344.2853312,432.6710817,52.601,0.042,20,6885.71,17.238,280
7/14/50,Insta_Port,West,330.2069494,194.2604857,75.564,0.219,10,3302.07,10.664,199
7/12/50,Insta_Port,West,323.1893611,300.2207506,53.935,0.072,30,9695.68,11.513,203
7/15/50,Insta_Port,West,389.8253842,1017.660044,325.963,0.282,20,7796.51,284.488,120
7/14/50,Insta_Port,West,352.1955715,1331.125828,638.22,0.453,20,7043.91,658.258,253
7/15/50,Insta_Port,West,376.9198698,655.6291391,276.341,0.364,20,7538.4,150.236,158
7/17/50,Insta_Port,West,349.3495559,187.6379691,79.218,0.236,10,3493.5,11.424,337
7/13/50,Insta_Port,West,337.6533942,1350.993377,203.991,0.126,20,6753.07,204.719,348
7/13/50,Insta_Port,West,331.338943,1161.147903,250.269,0.187,20,6626.78,211.831,174
7/12/50,Insta_Port,West,360.557348,571.7439294,88.656,0.092,20,7211.15,40.207,271
7/13/50,Insta_Port,West,325.770691,735.0993377,222.233,0.258,20,6515.41,117.082,37
7/16/50,Insta_Port,West,383.2589792,1339.95585,274.158,0.176,20,7665.18,309.747,197
7/16/50,Insta_Port,West,386.6720217,119.205298,98.031,0.498,10,3866.72,9.941,287
7/16/50,Insta_Port,West,328.1648321,24.28256071,40.126,0.301,10,3281.65,0.703,319
7/17/50,Insta_Port,West,393.1041857,496.6887417,144.608,0.212,20,7862.08,62.117,140
7/11/50,Insta_Port,West,358.1828884,114.790287,82.538,0.407,10,3581.83,7.466,143
7/17/50,Insta_Port,West,297.2278138,1088.300221,191.88,0.149,20,5944.56,136.55,177
7/12/50,Insta_Port,West,354.1311813,1642.384106,490.354,0.277,20,7082.62,627.439,100
7/13/50,Insta_Port,West,346.1027993,309.0507726,140.306,0.342,30,10383.08,33.017,48
7/13/50,Insta_Port,West,389.3141256,891.8322296,200.353,0.181,20,7786.28,153.039,103
7/15/50,Insta_Port,West,378.0168903,646.799117,99.894,0.096,20,7560.34,53.733,25
7/15/50,Insta_Port,West,323.64938,1110.375276,578.67,0.492,20,6472.99,457.507,30
7/17/50,Insta_Port,West,326.4378789,1231.788079,533.982,0.407,20,6528.76,472.374,241
7/15/50,Insta_Port,West,322.6351705,1582.781457,552.999,0.329,20,6452.7,621.269,191
7/14/50,Insta_Port,West,344.0800686,1181.015453,178.492,0.122,20,6881.6,159.572,174
7/16/50,Insta_Port,West,345.5601624,1362.030905,241.585,0.152,20,6911.2,250.152,1
7/11/50,Insta_Port,West,414.1901473,33.11258278,49.002,0.229,10,4141.9,1.479,304
7/14/50,Insta_Port,West,324.4612259,1154.525386,127.117,0.082,20,6489.22,104.759,68
7/14/50,Insta_Port,West,364.4723127,364.2384106,122.043,0.235,20,7289.45,35.644,48
7/16/50,Insta_Port,West,352.6889115,551.8763797,164.408,0.234,20,7053.78,70.401,134
7/13/50,Insta_Port,West,357.1663023,463.5761589,127.505,0.198,20,7143.33,46.445,324
7/11/50,Insta_Port,West,350.7362472,1110.375276,542.515,0.457,20,7014.72,464.82,270
7/13/50,Insta_Port,West,353.1643111,980.1324503,339.157,0.31,20,7063.29,258.277,145
7/11/50,Insta_Port,West,353.9325334,1333.333333,67.393,0.024,20,7078.65,69.968,135
7/13/50,Insta_Port,West,302.6480292,796.9094923,220.726,0.239,20,6052.96,117.118,19
7/13/50,Insta_Port,West,373.3972711,710.816777,265.512,0.321,20,7467.95,155.037,74
7/15/50,Insta_Port,West,362.9551447,1536.423841,171.501,0.088,20,7259.1,210.404,35
7/13/50,Insta_Port,West,339.0747879,1399.558499,576.936,0.388,20,6781.5,602.333,97
7/12/50,Insta_Port,West,340.5221269,690.9492274,235.118,0.291,20,6810.44,121.703,79
7/13/50,Insta_Port,West,373.2334393,818.9845475,101.204,0.078,20,7464.67,68.058,299
7/12/50,Insta_Port,West,369.0006906,1242.825607,376.191,0.273,20,7380.01,379.55,294
7/15/50,Insta_Port,West,351.3587283,304.6357616,145.414,0.362,30,10540.76,34.242,301
7/17/50,Insta_Port,West,312.3745568,545.2538631,75.403,0.081,20,6247.49,28.254,93
7/16/50,Insta_Port,West,337.3496984,459.1611479,53.479,0.043,20,6746.99,18.224,218
7/16/50,Insta_Port,West,346.1027063,710.816777,320.359,0.402,20,6922.05,173.389,356
7/15/50,Insta_Port,West,357.1483481,1262.693157,420.836,0.305,20,7142.97,417.525,231
7/12/50,Insta_Port,West,378.2299917,1368.653422,664.666,0.458,20,7564.6,756.965,346
7/16/50,Insta_Port,West,389.5336881,953.6423841,433.761,0.414,20,7790.67,354.49,23
7/16/50,Insta_Port,West,388.8627084,1434.878587,219.681,0.126,20,7777.25,269.666,100
7/11/50,Insta_Port,West,374.2382378,264.9006623,93.583,0.212,30,11227.15,20.41,18
7/14/50,Insta_Port,West,333.3937018,1492.273731,96.015,0.042,20,6667.87,105.092,6
7/15/50,Insta_Port,West,339.1187716,788.0794702,111.144,0.098,20,6782.38,65.348,26
7/17/50,Insta_Port,West,368.1584309,721.8543046,136.432,0.138,20,7363.17,79.767,308
7/17/50,Insta_Port,West,355.1256101,231.7880795,80.479,0.194,30,10653.77,14.574,286
7/14/50,Insta_Port,West,343.5953426,1467.99117,514.393,0.327,20,6871.91,570.806,201
7/13/50,Insta_Port,West,377.8392509,454.7461369,66.433,0.063,20,7556.79,25.112,32
7/17/50,Insta_Port,West,332.2835946,1211.92053,388.321,0.293,20,6645.67,344.03,78
7/17/50,Insta_Port,West,310.535333,313.4657837,79.954,0.156,30,9316.06,17.122,107
7/17/50,Insta_Port,West,390.4398459,373.0684327,50.609,0.031,20,7808.8,16.218,137
7/16/50,Insta_Port,West,355.9097595,1284.768212,448.002,0.321,20,7118.2,450.679,365
7/16/50,Insta_Port,West,354.8593151,1543.046358,671.221,0.412,20,7097.19,808.581,322
7/12/50,Insta_Port,West,359.044289,1061.810155,478.679,0.417,20,7180.89,401.478,43
7/15/50,Insta_Port,West,369.2769765,476.8211921,213.352,0.37,20,7385.54,82.647,43
7/16/50,Insta_Port,West,343.4129559,1604.856512,506.169,0.294,20,6868.26,613.721,229
7/12/50,Insta_Port,West,316.3128416,1589.403974,796.135,0.481,20,6326.26,880.563,47
7/14/50,Insta_Port,West,360.0853323,1262.693157,557.501,0.413,20,7201.71,557.663,342
7/14/50,Insta_Port,West,351.8213733,1101.545254,469.191,0.394,20,7036.43,400.034,289
7/13/50,Insta_Port,West,392.2681418,534.2163355,294.048,0.477,20,7845.36,135.563,193
7/12/50,Insta_Port,West,385.3824364,737.3068433,276.688,0.323,20,7707.65,172.963,57
7/14/50,Insta_Port,West,393.5611223,1181.015453,135.018,0.081,20,7871.22,138.065,163
7/17/50,Insta_Port,West,322.1771022,633.5540839,55.026,0.036,20,6443.54,24.71,41
7/12/50,Insta_Port,West,334.8874513,860.9271523,205.674,0.2,20,6697.75,130.457,155
7/12/50,Insta_Port,West,365.0312612,642.384106,309.516,0.425,20,7300.63,159.673,118
7/13/50,Insta_Port,West,355.5483034,1147.90287,97.542,0.054,20,7110.97,87.583,356
7/11/50,Insta_Port,West,334.9954151,885.209713,46.778,0.015,20,6699.91,30.518,25
7/13/50,Insta_Port,West,322.8718664,854.3046358,276.618,0.286,20,6457.44,167.86,170
7/15/50,Insta_Port,West,382.8509104,1229.580574,141.57,0.084,20,7657.02,146.616,230
7/14/50,Insta_Port,West,326.9840268,1507.726269,105.069,0.048,20,6539.68,113.958,318
7/13/50,Insta_Port,West,332.8900247,507.7262693,197.285,0.323,20,6657.8,73.358,242
7/16/50,Insta_Port,West,375.6135504,1066.225166,483.243,0.418,20,7512.27,425.773,344
7/13/50,Insta_Port,West,339.7622034,6.622516556,37.082,0.469,10,3397.62,0.184,355
7/13/50,Insta_Port,West,323.6283676,1291.390728,263.522,0.179,20,6472.57,242.295,13
7/11/50,Insta_Port,West,355.2767654,309.0507726,149.258,0.368,30,10658.3,36.054,353
7/16/50,Insta_Port,West,357.6402869,275.9381898,113.855,0.283,30,10729.21,24.719,196
7/11/50,Insta_Port,West,369.8180026,1419.426049,381.902,0.243,20,7396.36,441.037,176
7/13/50,Insta_Port,West,346.577708,1328.918322,518.384,0.364,20,6931.55,525.259,279
7/11/50,Insta_Port,West,374.2381709,83.88520971,66.532,0.347,10,3742.38,4.595,64
7/15/50,Insta_Port,West,331.2188084,1070.640177,374.656,0.319,20,6624.38,292.29,140
7/15/50,Insta_Port,West,359.9396998,1596.02649,403.08,0.23,20,7198.79,509.429,198
7/17/50,Insta_Port,West,351.3101411,86.09271523,68.535,0.388,10,3513.1,4.56,105
7/15/50,Insta_Port,West,322.9350223,143.4878587,49.799,0.122,10,3229.35,5.077,236
7/15/50,Insta_Port,West,396.2651589,1399.558499,540.668,0.358,20,7925.3,659.675,355
7/17/50,Insta_Port,West,354.9228835,761.589404,94.135,0.077,20,7098.46,55.979,277
7/12/50,Insta_Port,West,371.3285159,971.3024283,433.424,0.408,20,7426.57,343.913,276
7/14/50,Insta_Port,West,332.0537125,931.5673289,388.133,0.381,20,6641.07,264.135,14
7/11/50,Insta_Port,West,400.930432,790.2869757,161.007,0.153,20,8018.61,112.233,136
7/17/50,Insta_Port,West,309.3454165,1426.048565,49.473,0.013,20,6186.91,48.014,95
7/17/50,Insta_Port,West,337.9498955,567.3289183,243.707,0.37,20,6759,102.796,281
7/14/50,Insta_Port,West,353.6770419,1437.086093,404.699,0.257,20,7073.54,452.527,309
7/11/50,Insta_Port,West,355.3770747,1214.128035,282.006,0.203,20,7107.54,267.692,326
7/14/50,Insta_Port,West,340.5973958,176.6004415,107.702,0.417,10,3405.97,14.252,340
7/16/50,Insta_Port,West,361.9932279,280.3532009,50.778,0.052,30,10859.8,11.337,138
7/16/50,Insta_Port,West,339.1621914,1145.695364,399.393,0.319,20,6783.24,341.428,93
7/13/50,Insta_Port,West,305.1117951,624.7240618,241.043,0.337,20,6102.24,101.08,219
7/16/50,Insta_Port,West,350.2694384,1459.161148,74.424,0.027,20,7005.39,83.684,154
7/17/50,Insta_Port,West,349.9438144,397.3509934,160.16,0.315,20,6998.88,48.995,30
7/16/50,Insta_Port,West,375.6794279,28.69757174,39.175,0.056,10,3756.79,0.929,319
7/16/50,Insta_Port,West,353.4460064,1578.366446,286.305,0.159,20,7068.92,351.384,99
7/11/50,Insta_Port,West,319.2184147,1139.072848,56.981,0.022,20,6384.37,45.582,50
7/12/50,Insta_Port,West,362.3691716,300.2207506,72.564,0.121,30,10871.08,17.367,338
7/17/50,Insta_Port,West,417.9369009,22.07505519,50.557,0.397,10,4179.37,1.026,49
7/14/50,Insta_Port,West,356.4853594,1331.125828,671.927,0.478,20,7129.71,701.464,254
7/14/50,Insta_Port,West,340.8524878,1269.315673,167.363,0.105,20,6817.05,159.301,343
7/14/50,Insta_Port,West,384.7236243,657.8366446,307.528,0.409,20,7694.47,171.228,282
7/13/50,Insta_Port,West,386.2640388,1176.600442,119.812,0.069,20,7725.28,119.794,188
7/12/50,Insta_Port,West,342.2556829,887.4172185,258.742,0.253,20,6845.11,172.889,32
7/15/50,Insta_Port,West,302.5712793,357.615894,116.085,0.24,20,6051.43,27.634,330
7/14/50,Insta_Port,West,360.3874102,644.5916115,88.251,0.081,20,7207.75,45.102,90
7/14/50,Insta_Port,West,359.9913554,1437.086093,158.151,0.085,20,7199.83,179.999,186
7/15/50,Insta_Port,West,340.2243134,1267.108168,580.146,0.431,20,6804.49,550.223,159
7/14/50,Insta_Port,West,376.149594,556.2913907,67.655,0.054,20,7522.99,31.145,66
7/15/50,Insta_Port,West,378.6715073,763.7969095,109.664,0.094,20,7573.43,69.779,154
7/13/50,Insta_Port,West,356.8887299,715.2317881,279.583,0.341,20,7137.77,157.005,179
7/12/50,Insta_Port,West,327.1693085,710.816777,343.344,0.437,20,6543.39,175.664,110
7/12/50,Insta_Port,West,335.566048,1291.390728,561.735,0.409,20,6711.32,535.537,35
7/12/50,Insta_Port,West,331.8702771,474.6136865,84.445,0.108,20,6637.41,29.262,303
7/15/50,Insta_Port,West,303.6178722,1445.916115,439.556,0.283,20,6072.36,424.529,74
7/12/50,Insta_Port,West,290.3258403,1132.450331,407.271,0.334,20,5806.52,294.585,244
7/15/50,Insta_Port,West,364.7546936,801.3245033,157.475,0.151,20,7295.09,101.261,57
7/16/50,Insta_Port,West,399.0996472,1302.428256,620.793,0.446,20,7981.99,709.912,331
7/11/50,Insta_Port,West,320.3861711,472.406181,124.63,0.196,20,6407.72,41.499,97
7/14/50,Insta_Port,West,318.3026075,1578.366446,678.961,0.41,20,6366.05,750.439,169
7/13/50,Insta_Port,West,328.3558728,587.196468,48.103,0.026,20,6567.12,20.404,312
7/11/50,Insta_Port,West,409.4174358,732.8918322,183.856,0.195,20,8188.35,121.369,278
7/12/50,Insta_Port,West,355.6788831,732.8918322,224.654,0.258,20,7113.58,128.835,274
7/11/50,Insta_Port,West,371.8085296,635.7615894,346.797,0.487,20,7436.17,180.348,277
7/13/50,Insta_Port,West,317.4065881,1626.931567,285.542,0.156,20,6348.13,324.398,205
7/16/50,Insta_Port,West,300.4148401,1368.653422,348.938,0.233,20,6008.3,315.635,228
7/13/50,Insta_Port,West,359.7342374,467.99117,157.651,0.26,20,7194.68,58.39,213
7/15/50,Insta_Port,West,313.8235604,865.3421634,425.113,0.455,20,6276.47,253.981,288
7/12/50,Insta_Port,West,347.7127529,613.6865342,260.608,0.368,20,6954.26,122.343,9
7/15/50,Insta_Port,West,369.919347,136.8653422,43.972,0.051,10,3699.19,4.898,226
7/12/50,Insta_Port,West,387.2687551,350.9933775,144.376,0.301,20,7745.38,43.175,17
7/14/50,Insta_Port,West,348.522269,543.0463576,215.687,0.333,20,6970.45,89.808,301
7/12/50,Insta_Port,West,309.167918,1315.673289,411.146,0.289,20,6183.36,367.927,62
7/11/50,Insta_Port,West,370.1004491,1370.860927,337.229,0.219,20,7402.01,376.41,196
7/16/50,Insta_Port,West,325.0166935,1328.918322,594.634,0.423,20,6500.33,565.036,7
7/12/50,Insta_Port,West,323.9051391,1044.15011,240.176,0.199,20,6478.1,178.704,262
7/17/50,Insta_Port,West,377.4252866,1233.995585,299.35,0.212,20,7548.51,306.723,126
7/17/50,Insta_Port,West,402.0624718,1169.977925,174.754,0.115,20,8041.25,180.851,228
7/12/50,Insta_Port,West,286.567857,1311.258278,153.226,0.095,20,5731.36,126.669,121
7/16/50,Insta_Port,West,305.7976118,637.9690949,324.046,0.46,20,6115.95,139.079,300
7/14/50,Insta_Port,West,341.8870064,964.6799117,254.136,0.228,20,6837.74,184.397,99
7/17/50,Insta_Port,West,387.114457,646.799117,337.533,0.462,20,7742.29,185.929,97
7/16/50,Insta_Port,West,369.0725331,757.1743929,223.172,0.246,20,7381.45,137.205,199
7/13/50,Insta_Port,West,371.6978257,825.607064,418.6,0.462,20,7433.96,282.609,128
7/16/50,Insta_Port,West,376.6516683,785.8719647,72.244,0.044,20,7533.03,47.045,192
7/12/50,Insta_Port,West,371.0866386,938.1898455,285.729,0.265,20,7421.73,218.848,65
7/12/50,Insta_Port,West,364.8144503,940.397351,311.077,0.292,20,7296.29,234.787,284
7/16/50,Insta_Port,West,365.7511433,1083.88521,85.35,0.045,20,7315.02,74.438,26
7/15/50,Insta_Port,West,347.5701736,1624.724062,333.706,0.184,20,6951.4,414.58,314
7/13/50,Insta_Port,West,314.4085805,97.13024283,47.467,0.165,10,3144.09,3.189,107
7/16/50,Insta_Port,West,360.2582464,1434.878587,687.461,0.454,20,7205.16,781.807,5
7/16/50,Insta_Port,West,349.6835227,443.7086093,137.465,0.231,20,6993.67,46.923,129
7/14/50,Insta_Port,West,334.9659256,532.00883,221.296,0.353,20,6699.32,86.759,124
7/13/50,Insta_Port,West,374.2117626,1315.673289,463.699,0.324,20,7484.24,502.255,329
7/14/50,Insta_Port,West,354.3694858,57.39514349,43.931,0.148,10,3543.69,1.966,128
7/13/50,Insta_Port,West,361.1107421,97.13024283,68.455,0.333,10,3611.11,5.282,58
7/16/50,Insta_Port,West,342.4055192,342.1633554,96.514,0.182,20,6848.11,24.876,14
7/14/50,Insta_Port,West,288.9493009,322.2958057,127.517,0.306,30,8668.48,26.126,307
7/17/50,Insta_Port,West,334.9473455,231.7880795,67.799,0.148,30,10048.42,11.58,124
7/15/50,Insta_Port,West,348.8383398,132.4503311,37.533,0.02,10,3488.38,3.815,172
7/11/50,Insta_Port,West,349.6336937,11.03752759,38.849,0.352,10,3496.34,0.33,293
7/14/50,Insta_Port,West,347.0159838,328.9183223,85.355,0.154,30,10410.48,21.433,244
7/17/50,Insta_Port,West,306.1463591,22.07505519,38.01,0.335,10,3061.46,0.565,319
7/15/50,Insta_Port,West,347.3715424,1240.618102,189.814,0.125,20,6947.43,179.963,321
7/15/50,Insta_Port,West,356.32355,463.5761589,204.838,0.365,20,7126.47,74.439,70
7/15/50,Insta_Port,West,353.9087701,1624.724062,755.144,0.443,20,7078.18,955.264,237
7/15/50,Insta_Port,West,332.8805516,860.9271523,369.911,0.391,20,6657.61,233.225,316
7/17/50,Insta_Port,West,365.6544453,1401.766004,218.795,0.13,20,7313.09,246.721,8
7/15/50,Insta_Port,West,370.1693336,732.8918322,265.679,0.312,20,7403.39,158.57,323
7/11/50,Insta_Port,West,312.4400831,459.1611479,249.346,0.475,20,6248.8,78.697,249
7/17/50,Insta_Port,West,368.98296,973.5099338,55.395,0.019,20,7379.66,43.776,57
7/13/50,Insta_Port,West,351.5637978,309.0507726,68.225,0.107,30,10546.91,16.308,75
7/14/50,Insta_Port,West,346.510685,309.0507726,176.505,0.459,30,10395.32,41.584,90